Elecció;Any;CUSEC;Districte;Secció;NUM_ELECTORS;NUM_VOTANTS;VOTS_BLANCS;VOTS_NULS;VOTS_CANDIDATURES;Participació;PSC;% PSC;Junts;% Junts;ERC;% ERC;Comuns / Sumar;% Comuns / Sumar;Podemos;% Podemos;PP;% PP;VOX;% VOX;SALF;% SALF;PACMA;% PACMA;Cs;% Cs;Altres;% Altres
Europees;2019;08279801001;1;1;1091;843;3;3;837;77.27%;55;6.55%;480;57.14%;175;20.83%;;;26;3.10%;39;4.64%;8;0.95%;;;10;1.19%;34;4.05%;10;1.19%
Europees;2019;08279801002;1;2;1115;790;7;0;783;70.85%;67;8.48%;384;48.61%;194;24.56%;;;40;5.06%;43;5.44%;6;0.76%;;;10;1.27%;24;3.04%;15;1.92%
Europees;2019;08279801004;1;4;1539;1126;5;5;1116;73.16%;108;9.63%;517;46.12%;289;25.78%;;;69;6.16%;42;3.75%;13;1.16%;;;20;1.78%;36;3.21%;22;1.97%
Europees;2019;08279801005;1;5;987;759;5;3;751;76.90%;84;11.11%;340;44.97%;170;22.49%;;;60;7.94%;34;4.50%;6;0.79%;;;4;0.53%;39;5.16%;14;1.86%
Europees;2019;08279801006;1;6;1209;897;3;3;891;74.19%;84;9.40%;445;49.78%;199;22.26%;;;42;4.70%;37;4.14%;18;2.01%;;;2;0.22%;56;6.26%;8;0.90%
Europees;2019;08279801007;1;7;1427;993;6;1;986;69.59%;110;11.09%;476;47.98%;201;20.26%;;;43;4.33%;62;6.25%;17;1.71%;;;23;2.32%;38;3.83%;16;1.62%
Europees;2019;08279801008;1;8;1984;1461;10;0;1451;73.64%;139;9.51%;694;47.50%;345;23.61%;;;80;5.48%;63;4.31%;15;1.03%;;;21;1.44%;80;5.48%;14;0.96%
Europees;2019;08279801009;1;9;1050;744;2;1;741;70.86%;48;6.46%;341;45.90%;199;26.78%;;;49;6.59%;37;4.98%;11;1.48%;;;5;0.67%;39;5.25%;12;1.62%
Europees;2019;08279801010;1;10;979;693;3;1;689;70.79%;89;12.86%;286;41.33%;203;29.34%;;;35;5.06%;27;3.90%;5;0.72%;;;10;1.45%;24;3.47%;10;1.45%
Europees;2019;08279801011;1;11;920;581;3;1;577;63.15%;166;28.62%;116;20.00%;129;22.24%;;;71;12.24%;11;1.90%;7;1.21%;;;2;0.34%;60;10.34%;15;2.60%
Europees;2019;08279801012;1;12;1098;691;8;0;683;62.93%;158;22.87%;180;26.05%;166;24.02%;;;91;13.17%;19;2.75%;4;0.58%;;;8;1.16%;46;6.66%;11;1.61%
Europees;2019;08279801013;1;13;642;386;7;1;378;60.12%;149;38.70%;38;9.87%;55;14.29%;;;56;14.55%;16;4.16%;14;3.64%;;;11;2.86%;33;8.57%;6;1.59%
Europees;2019;08279801014;1;14;1624;929;4;2;923;57.20%;268;28.91%;160;17.26%;186;20.06%;;;82;8.85%;55;5.93%;17;1.83%;;;21;2.27%;120;12.94%;14;1.52%
Europees;2019;08279801015;1;15;934;592;0;4;588;63.38%;191;32.48%;133;22.62%;100;17.01%;;;73;12.41%;22;3.74%;10;1.70%;;;12;2.04%;44;7.48%;3;0.51%
Europees;2019;08279801016;1;16;1863;1242;0;2;1240;66.67%;231;18.63%;430;34.68%;312;25.16%;;;85;6.85%;29;2.34%;21;1.69%;;;24;1.94%;86;6.94%;22;1.77%
Europees;2019;08279801017;1;17;1653;1192;4;0;1188;72.11%;139;11.66%;524;43.96%;299;25.08%;;;89;7.47%;35;2.94%;8;0.67%;;;17;1.43%;56;4.70%;21;1.77%
Europees;2019;08279801018;1;18;440;337;4;1;332;76.59%;41;12.20%;154;45.83%;82;24.40%;;;19;5.65%;5;1.49%;1;0.30%;;;2;0.60%;22;6.55%;6;1.81%
Europees;2019;08279801019;1;19;1159;722;6;1;715;62.30%;178;24.69%;146;20.25%;176;24.41%;;;79;10.96%;40;5.55%;14;1.94%;;;12;1.66%;61;8.46%;9;1.26%
Europees;2019;08279801020;1;20;1048;793;2;0;791;75.67%;146;18.41%;291;36.70%;173;21.82%;;;55;6.94%;33;4.16%;6;0.76%;;;10;1.26%;61;7.69%;16;2.02%
Europees;2019;08279801021;1;21;1070;689;3;1;685;64.39%;155;22.53%;198;28.78%;137;19.91%;;;66;9.59%;31;4.51%;4;0.58%;;;12;1.74%;70;10.17%;12;1.75%
Europees;2019;08279801022;1;22;1398;973;6;3;964;69.60%;148;15.26%;384;39.59%;229;23.61%;;;54;5.57%;34;3.51%;23;2.37%;;;9;0.93%;64;6.60%;19;1.97%
Europees;2019;08279801023;1;23;965;756;4;1;751;78.34%;122;16.16%;246;32.58%;173;22.91%;;;55;7.28%;35;4.64%;14;1.85%;;;18;2.38%;74;9.80%;14;1.86%
Europees;2019;08279801024;1;24;661;491;6;1;484;74.28%;32;6.53%;267;54.49%;104;21.22%;;;29;5.92%;23;4.69%;6;1.22%;;;4;0.82%;12;2.45%;7;1.45%
Europees;2019;08279802001;2;1;1093;600;6;0;594;54.89%;220;36.67%;46;7.67%;93;15.50%;;;65;10.83%;36;6.00%;25;4.17%;;;7;1.17%;83;13.83%;19;3.20%
Europees;2019;08279802002;2;2;456;185;1;1;183;40.57%;79;42.93%;17;9.24%;14;7.61%;;;19;10.33%;13;7.07%;3;1.63%;;;9;4.89%;18;9.78%;11;6.01%
Europees;2019;08279802003;2;3;799;377;2;1;374;47.18%;173;46.01%;25;6.65%;35;9.31%;;;28;7.45%;30;7.98%;12;3.19%;;;9;2.39%;48;12.77%;14;3.74%
Europees;2019;08279802004;2;4;660;299;4;0;295;45.30%;117;39.13%;20;6.69%;24;8.03%;;;40;13.38%;35;11.71%;6;2.01%;;;3;1.00%;43;14.38%;7;2.37%
Europees;2019;08279802005;2;5;823;445;1;2;442;54.07%;160;36.12%;26;5.87%;57;12.87%;;;67;15.12%;30;6.77%;11;2.48%;;;5;1.13%;64;14.45%;22;4.98%
Europees;2019;08279802006;2;6;737;395;0;2;393;53.60%;142;36.13%;57;14.50%;49;12.47%;;;50;12.72%;21;5.34%;12;3.05%;;;10;2.54%;47;11.96%;5;1.27%
Europees;2019;08279802008;2;8;778;444;5;1;438;57.07%;165;37.25%;35;7.90%;64;14.45%;;;50;11.29%;20;4.51%;10;2.26%;;;13;2.93%;64;14.45%;17;3.88%
Europees;2019;08279802009;2;9;1120;566;1;3;562;50.54%;217;38.54%;54;9.59%;88;15.63%;;;77;13.68%;29;5.15%;16;2.84%;;;8;1.42%;59;10.48%;14;2.49%
Europees;2019;08279802011;2;11;826;411;3;1;407;49.76%;143;34.88%;32;7.80%;50;12.20%;;;55;13.41%;23;5.61%;19;4.63%;;;17;4.15%;61;14.88%;7;1.72%
Europees;2019;08279802012;2;12;670;285;6;1;278;42.54%;114;40.14%;18;6.34%;28;9.86%;;;47;16.55%;14;4.93%;9;3.17%;;;5;1.76%;30;10.56%;13;4.68%
Europees;2019;08279802014;2;14;1474;782;9;3;770;53.05%;221;28.37%;81;10.40%;137;17.59%;;;117;15.02%;27;3.47%;41;5.26%;;;24;3.08%;108;13.86%;14;1.82%
Europees;2019;08279802015;2;15;595;213;0;1;212;35.80%;108;50.94%;7;3.30%;15;7.08%;;;30;14.15%;7;3.30%;9;4.25%;;;5;2.36%;31;14.62%;0;0.00%
Europees;2019;08279802016;2;16;1570;882;1;1;880;56.18%;231;26.22%;112;12.71%;182;20.66%;;;129;14.64%;18;2.04%;40;4.54%;;;40;4.54%;112;12.71%;16;1.82%
Europees;2019;08279802017;2;17;1368;671;3;4;664;49.05%;243;36.43%;50;7.50%;118;17.69%;;;98;14.69%;10;1.50%;33;4.95%;;;17;2.55%;83;12.44%;12;1.81%
Europees;2019;08279803001;3;1;1315;771;3;1;767;58.63%;190;24.68%;175;22.73%;195;25.32%;;;70;9.09%;27;3.51%;15;1.95%;;;14;1.82%;64;8.31%;17;2.22%
Europees;2019;08279803002;3;2;1103;740;9;1;730;67.09%;183;24.76%;174;23.55%;157;21.24%;;;64;8.66%;33;4.47%;6;0.81%;;;29;3.92%;72;9.74%;12;1.64%
Europees;2019;08279803003;3;3;1222;686;8;1;677;56.14%;216;31.53%;93;13.58%;112;16.35%;;;79;11.53%;46;6.72%;21;3.07%;;;16;2.34%;82;11.97%;12;1.77%
Europees;2019;08279803004;3;4;940;470;3;0;467;50.00%;148;31.49%;56;11.91%;80;17.02%;;;80;17.02%;33;7.02%;10;2.13%;;;10;2.13%;42;8.94%;8;1.71%
Europees;2019;08279803005;3;5;1747;1066;7;4;1055;61.02%;206;19.40%;333;31.36%;274;25.80%;;;106;9.98%;11;1.04%;14;1.32%;;;19;1.79%;79;7.44%;13;1.23%
Europees;2019;08279803006;3;6;1523;1013;0;6;1007;66.51%;164;16.29%;370;36.74%;233;23.14%;;;104;10.33%;21;2.09%;12;1.19%;;;23;2.28%;57;5.66%;23;2.28%
Europees;2019;08279803007;3;7;1631;1050;10;0;1040;64.38%;181;17.24%;304;28.95%;269;25.62%;;;107;10.19%;35;3.33%;22;2.10%;;;23;2.19%;86;8.19%;13;1.25%
Europees;2019;08279803008;3;8;1552;819;6;1;812;52.77%;348;42.54%;75;9.17%;89;10.88%;;;120;14.67%;44;5.38%;29;3.55%;;;6;0.73%;79;9.66%;22;2.71%
Europees;2019;08279803014;3;14;1088;505;4;1;500;46.42%;170;33.73%;76;15.08%;93;18.45%;;;45;8.93%;23;4.56%;19;3.77%;;;11;2.18%;55;10.91%;8;1.60%
Europees;2019;08279803015;3;15;918;548;2;1;545;59.69%;176;32.18%;79;14.44%;96;17.55%;;;65;11.88%;32;5.85%;24;4.39%;;;13;2.38%;50;9.14%;10;1.83%
Europees;2019;08279803016;3;16;678;362;3;0;359;53.39%;149;41.16%;18;4.97%;28;7.73%;;;50;13.81%;28;7.73%;8;2.21%;;;6;1.66%;66;18.23%;6;1.67%
Europees;2019;08279803017;3;17;840;441;2;1;438;52.50%;205;46.59%;14;3.18%;44;10.00%;;;59;13.41%;29;6.59%;9;2.05%;;;11;2.50%;57;12.95%;10;2.28%
Europees;2019;08279803018;3;18;754;431;3;0;428;57.16%;156;36.19%;29;6.73%;61;14.15%;;;55;12.76%;14;3.25%;19;4.41%;;;11;2.55%;71;16.47%;12;2.80%
Europees;2019;08279803019;3;19;906;472;2;1;469;52.10%;202;42.89%;34;7.22%;60;12.74%;;;45;9.55%;17;3.61%;13;2.76%;;;8;1.70%;71;15.07%;19;4.05%
Europees;2019;08279803020;3;20;1182;643;3;1;639;54.40%;195;30.37%;139;21.65%;124;19.31%;;;75;11.68%;18;2.80%;8;1.25%;;;18;2.80%;51;7.94%;11;1.72%
Europees;2019;08279804001;4;1;1102;765;1;1;763;69.42%;86;11.26%;371;48.56%;156;20.42%;;;41;5.37%;39;5.10%;14;1.83%;;;3;0.39%;40;5.24%;13;1.70%
Europees;2019;08279804002;4;2;1153;809;4;2;803;70.16%;96;11.90%;344;42.63%;229;28.38%;;;46;5.70%;27;3.35%;5;0.62%;;;13;1.61%;35;4.34%;8;1.00%
Europees;2019;08279804003;4;3;1298;843;6;3;834;64.95%;146;17.38%;258;30.71%;230;27.38%;;;74;8.81%;43;5.12%;8;0.95%;;;15;1.79%;45;5.36%;15;1.80%
Europees;2019;08279804004;4;4;1153;728;5;1;722;63.14%;142;19.53%;192;26.41%;195;26.82%;;;62;8.53%;20;2.75%;8;1.10%;;;13;1.79%;72;9.90%;18;2.49%
Europees;2019;08279804005;4;5;1222;696;5;2;689;56.96%;136;19.60%;167;24.06%;201;28.96%;;;61;8.79%;17;2.45%;10;1.44%;;;14;2.02%;67;9.65%;16;2.32%
Europees;2019;08279804006;4;6;1452;885;6;3;876;60.95%;252;28.57%;134;15.19%;203;23.02%;;;102;11.56%;40;4.54%;23;2.61%;;;20;2.27%;91;10.32%;11;1.26%
Europees;2019;08279804007;4;7;1864;950;8;12;930;50.97%;260;27.72%;144;15.35%;176;18.76%;;;125;13.33%;23;2.45%;38;4.05%;;;37;3.94%;110;11.73%;17;1.83%
Europees;2019;08279804008;4;8;960;572;5;5;562;59.58%;135;23.81%;83;14.64%;119;20.99%;;;84;14.81%;26;4.59%;12;2.12%;;;17;3.00%;64;11.29%;22;3.91%
Europees;2019;08279804009;4;9;732;402;4;3;395;54.92%;127;31.83%;31;7.77%;61;15.29%;;;58;14.54%;28;7.02%;21;5.26%;;;2;0.50%;54;13.53%;13;3.29%
Europees;2019;08279804010;4;10;726;365;3;0;362;50.28%;172;47.12%;29;7.95%;39;10.68%;;;50;13.70%;15;4.11%;12;3.29%;;;7;1.92%;32;8.77%;6;1.66%
Europees;2019;08279804012;4;12;1029;661;9;4;648;64.24%;154;23.44%;161;24.51%;153;23.29%;;;56;8.52%;14;2.13%;23;3.50%;;;16;2.44%;59;8.98%;12;1.85%
Europees;2019;08279804013;4;13;1176;815;1;0;814;69.30%;128;15.71%;261;32.02%;225;27.61%;;;70;8.59%;39;4.79%;6;0.74%;;;17;2.09%;52;6.38%;16;1.97%
Europees;2019;08279804014;4;14;995;770;4;0;766;77.39%;77;10.00%;370;48.05%;181;23.51%;;;39;5.06%;37;4.81%;2;0.26%;;;7;0.91%;45;5.84%;8;1.04%
Europees;2019;08279804015;4;15;869;630;1;1;628;72.50%;62;9.86%;336;53.42%;125;19.87%;;;28;4.45%;24;3.82%;4;0.64%;;;10;1.59%;34;5.41%;5;0.80%
Europees;2019;08279804016;4;16;974;716;3;0;713;73.51%;75;10.47%;333;46.51%;163;22.77%;;;43;6.01%;37;5.17%;11;1.54%;;;6;0.84%;35;4.89%;10;1.40%
Europees;2019;08279804017;4;17;1166;866;4;0;862;74.27%;142;16.40%;323;37.30%;216;24.94%;;;57;6.58%;41;4.73%;15;1.73%;;;10;1.15%;46;5.31%;12;1.39%
Europees;2019;08279804018;4;18;1935;1301;7;6;1288;67.24%;267;20.62%;380;29.34%;338;26.10%;;;99;7.64%;37;2.86%;23;1.78%;;;32;2.47%;92;7.10%;20;1.55%
Europees;2019;08279804019;4;19;940;552;1;7;544;58.72%;148;27.16%;90;16.51%;125;22.94%;;;72;13.21%;27;4.95%;11;2.02%;;;11;2.02%;53;9.72%;7;1.29%
Europees;2019;08279804020;4;20;534;265;2;1;262;49.63%;122;46.21%;13;4.92%;36;13.64%;;;28;10.61%;17;6.44%;10;3.79%;;;8;3.03%;21;7.95%;7;2.67%
Europees;2019;08279804021;4;21;791;421;4;4;413;53.22%;175;41.97%;26;6.24%;72;17.27%;;;59;14.15%;19;4.56%;10;2.40%;;;6;1.44%;36;8.63%;10;2.42%
Europees;2019;08279804022;4;22;1647;977;7;3;967;59.32%;300;30.80%;108;11.09%;201;20.64%;;;129;13.24%;31;3.18%;39;4.00%;;;5;0.51%;135;13.86%;19;1.96%
Europees;2019;08279804023;4;23;1649;992;6;1;985;60.16%;330;33.30%;108;10.90%;172;17.36%;;;135;13.62%;27;2.72%;40;4.04%;;;24;2.42%;130;13.12%;19;1.93%
Europees;2019;08279804024;4;24;1578;833;3;1;829;52.79%;238;28.61%;100;12.02%;156;18.75%;;;125;15.02%;33;3.97%;36;4.33%;;;15;1.80%;114;13.70%;12;1.45%
Europees;2019;08279804025;4;25;882;551;6;2;543;62.47%;133;24.23%;110;20.04%;96;17.49%;;;82;14.94%;30;5.46%;14;2.55%;;;6;1.09%;65;11.84%;7;1.29%
Europees;2019;08279804026;4;26;1082;758;2;1;755;70.06%;105;13.87%;325;42.93%;187;24.70%;;;49;6.47%;17;2.25%;9;1.19%;;;9;1.19%;43;5.68%;11;1.46%
Europees;2019;08279805001;5;1;1527;999;7;2;990;65.42%;242;24.27%;205;20.56%;213;21.36%;;;95;9.53%;43;4.31%;37;3.71%;;;25;2.51%;116;11.63%;14;1.41%
Europees;2019;08279805002;5;2;1101;653;0;3;650;59.31%;252;38.77%;77;11.85%;79;12.15%;;;84;12.92%;40;6.15%;25;3.85%;;;10;1.54%;72;11.08%;11;1.69%
Europees;2019;08279805003;5;3;1485;933;4;0;929;62.83%;147;15.76%;268;28.72%;253;27.12%;;;90;9.65%;35;3.75%;14;1.50%;;;22;2.36%;87;9.32%;13;1.40%
Europees;2019;08279805004;5;4;1219;821;0;1;820;67.35%;171;20.85%;213;25.98%;218;26.59%;;;81;9.88%;40;4.88%;23;2.80%;;;11;1.34%;51;6.22%;12;1.46%
Europees;2019;08279805005;5;5;749;473;0;0;473;63.15%;83;17.55%;139;29.39%;129;27.27%;;;59;12.47%;18;3.81%;5;1.06%;;;7;1.48%;20;4.23%;13;2.75%
Europees;2019;08279805006;5;6;1569;1068;7;3;1058;68.07%;217;20.38%;320;30.05%;277;26.01%;;;69;6.48%;47;4.41%;17;1.60%;;;12;1.13%;83;7.79%;16;1.51%
Europees;2019;08279805007;5;7;871;639;1;1;637;73.36%;109;17.08%;201;31.50%;189;29.62%;;;57;8.93%;20;3.13%;11;1.72%;;;3;0.47%;33;5.17%;14;2.20%
Europees;2019;08279805008;5;8;1402;957;10;1;946;68.26%;188;19.67%;331;34.62%;240;25.10%;;;69;7.22%;29;3.03%;10;1.05%;;;12;1.26%;59;6.17%;8;0.85%
Europees;2019;08279805009;5;9;1376;958;3;0;955;69.62%;272;28.39%;209;21.82%;208;21.71%;;;102;10.65%;51;5.32%;21;2.19%;;;12;1.25%;70;7.31%;10;1.05%
Europees;2019;08279805010;5;10;1409;805;1;1;803;57.13%;322;40.05%;72;8.96%;94;11.69%;;;96;11.94%;53;6.59%;19;2.36%;;;17;2.11%;106;13.18%;24;2.99%
Europees;2019;08279805011;5;11;1447;973;8;4;961;67.24%;266;27.45%;228;23.53%;183;18.89%;;;104;10.73%;45;4.64%;16;1.65%;;;23;2.37%;85;8.77%;11;1.14%
Europees;2019;08279805012;5;12;579;368;0;1;367;63.56%;114;31.06%;64;17.44%;86;23.43%;;;46;12.53%;12;3.27%;11;3.00%;;;7;1.91%;21;5.72%;6;1.63%
Europees;2019;08279805013;5;13;1162;621;0;5;616;53.44%;208;33.77%;67;10.88%;114;18.51%;;;68;11.04%;25;4.06%;27;4.38%;;;15;2.44%;85;13.80%;7;1.14%
Europees;2019;08279805014;5;14;1577;995;3;2;990;63.09%;320;32.23%;116;11.68%;188;18.93%;;;136;13.70%;45;4.53%;22;2.22%;;;15;1.51%;130;13.09%;18;1.82%
Europees;2019;08279805015;5;15;1508;790;2;4;784;52.39%;277;35.24%;101;12.85%;142;18.07%;;;93;11.83%;31;3.94%;28;3.56%;;;18;2.29%;78;9.92%;16;2.04%
Europees;2019;08279805016;5;16;1897;1010;11;5;994;53.24%;344;34.23%;93;9.25%;206;20.50%;;;115;11.44%;46;4.58%;29;2.89%;;;21;2.09%;120;11.94%;20;2.01%
Europees;2019;08279805017;5;17;1326;872;4;1;867;65.76%;239;27.44%;159;18.25%;201;23.08%;;;100;11.48%;18;2.07%;22;2.53%;;;14;1.61%;100;11.48%;14;1.61%
Europees;2019;08279805018;5;18;996;652;3;5;644;65.46%;234;36.17%;52;8.04%;118;18.24%;;;87;13.45%;43;6.65%;14;2.16%;;;15;2.32%;61;9.43%;20;3.11%
Europees;2019;08279805019;5;19;917;533;6;1;526;58.12%;101;18.98%;120;22.56%;124;23.31%;;;63;11.84%;18;3.38%;11;2.07%;;;8;1.50%;62;11.65%;19;3.61%
Europees;2019;08279805020;5;20;1188;789;3;3;783;66.41%;154;19.59%;198;25.19%;214;27.23%;;;99;12.60%;31;3.94%;12;1.53%;;;14;1.78%;50;6.36%;11;1.40%
Europees;2019;08279805021;5;21;1398;896;3;1;892;64.09%;252;28.16%;160;17.88%;187;20.89%;;;97;10.84%;57;6.37%;23;2.57%;;;12;1.34%;84;9.39%;20;2.24%
Europees;2019;08279805022;5;22;565;345;1;1;343;61.06%;83;24.13%;67;19.48%;70;20.35%;;;39;11.34%;27;7.85%;6;1.74%;;;1;0.29%;45;13.08%;5;1.46%
Europees;2019;08279805023;5;23;1268;834;8;0;826;65.77%;131;15.71%;263;31.53%;243;29.14%;;;86;10.31%;22;2.64%;15;1.80%;;;9;1.08%;46;5.52%;11;1.33%
Europees;2019;08279805024;5;24;1191;760;7;2;751;63.81%;191;25.20%;164;21.64%;158;20.84%;;;77;10.16%;29;3.83%;16;2.11%;;;15;1.98%;92;12.14%;9;1.20%
Europees;2019;08279805025;5;25;905;549;4;0;545;60.66%;179;32.60%;84;15.30%;139;25.32%;;;54;9.84%;19;3.46%;12;2.19%;;;11;2.00%;42;7.65%;5;0.92%
Europees;2019;08279805026;5;26;1000;687;2;1;684;68.70%;118;17.20%;212;30.90%;185;26.97%;;;57;8.31%;26;3.79%;13;1.90%;;;9;1.31%;55;8.02%;9;1.32%
Europees;2019;08279805027;5;27;926;657;5;2;650;70.95%;112;17.10%;183;27.94%;177;27.02%;;;63;9.62%;22;3.36%;8;1.22%;;;9;1.37%;65;9.92%;11;1.69%
Europees;2019;08279805028;5;28;897;631;4;4;623;70.35%;207;33.01%;86;13.72%;93;14.83%;;;91;14.51%;18;2.87%;18;2.87%;;;15;2.39%;89;14.19%;6;0.96%
Europees;2019;08279805029;5;29;905;612;5;1;606;67.62%;168;27.50%;100;16.37%;122;19.97%;;;86;14.08%;19;3.11%;21;3.44%;;;15;2.45%;60;9.82%;15;2.48%
Europees;2019;08279806001;6;1;898;553;0;0;553;61.58%;215;38.88%;63;11.39%;87;15.73%;;;53;9.58%;15;2.71%;23;4.16%;;;10;1.81%;70;12.66%;17;3.07%
Europees;2019;08279806002;6;2;1186;648;5;1;642;54.64%;196;30.29%;94;14.53%;119;18.39%;;;79;12.21%;19;2.94%;25;3.86%;;;15;2.32%;79;12.21%;16;2.49%
Europees;2019;08279806003;6;3;1490;821;3;2;816;55.10%;295;36.02%;78;9.52%;116;14.16%;;;99;12.09%;67;8.18%;26;3.17%;;;18;2.20%;92;11.23%;25;3.06%
Europees;2019;08279806004;6;4;890;432;1;2;429;48.54%;129;30.00%;56;13.02%;72;16.74%;;;45;10.47%;37;8.60%;14;3.26%;;;9;2.09%;56;13.02%;11;2.56%
Europees;2019;08279806005;6;5;1084;600;4;1;595;55.35%;181;30.22%;80;13.36%;117;19.53%;;;85;14.19%;11;1.84%;17;2.84%;;;14;2.34%;70;11.69%;20;3.36%
Europees;2019;08279806006;6;6;1156;580;6;1;573;50.17%;186;32.12%;41;7.08%;79;13.64%;;;86;14.85%;21;3.63%;16;2.76%;;;19;3.28%;113;19.52%;12;2.09%
Europees;2019;08279806008;6;8;1668;997;6;8;983;59.77%;252;25.48%;226;22.85%;230;23.26%;;;100;10.11%;28;2.83%;20;2.02%;;;18;1.82%;86;8.70%;23;2.34%
Europees;2019;08279806009;6;9;935;559;4;0;555;59.79%;196;35.06%;52;9.30%;98;17.53%;;;68;12.16%;27;4.83%;17;3.04%;;;18;3.22%;70;12.52%;9;1.62%
Europees;2019;08279806010;6;10;1627;992;13;2;977;60.97%;367;37.07%;104;10.51%;154;15.56%;;;119;12.02%;47;4.75%;24;2.42%;;;13;1.31%;136;13.74%;13;1.33%
Europees;2019;08279806011;6;11;1256;637;4;3;630;50.72%;235;37.07%;64;10.09%;83;13.09%;;;90;14.20%;42;6.62%;24;3.79%;;;14;2.21%;67;10.57%;11;1.75%
Europees;2019;08279806012;6;12;945;521;3;4;514;55.13%;185;35.78%;53;10.25%;103;19.92%;;;57;11.03%;35;6.77%;17;3.29%;;;5;0.97%;52;10.06%;7;1.36%
Europees;2019;08279806013;6;13;695;390;0;0;390;56.12%;164;42.05%;21;5.38%;48;12.31%;;;64;16.41%;15;3.85%;13;3.33%;;;2;0.51%;56;14.36%;7;1.79%
Europees;2019;08279806014;6;14;720;327;5;2;320;45.42%;124;38.15%;27;8.31%;43;13.23%;;;37;11.38%;29;8.92%;13;4.00%;;;7;2.15%;32;9.85%;8;2.50%
Europees;2019;08279806016;6;16;1142;586;5;2;579;51.31%;194;33.22%;105;17.98%;81;13.87%;;;72;12.33%;25;4.28%;14;2.40%;;;11;1.88%;64;10.96%;13;2.25%
Europees;2019;08279806018;6;18;890;497;3;3;491;55.84%;214;43.32%;30;6.07%;48;9.72%;;;59;11.94%;25;5.06%;26;5.26%;;;7;1.42%;70;14.17%;12;2.44%
Europees;2019;08279806020;6;20;1109;481;2;2;477;43.37%;206;43.01%;21;4.38%;60;12.53%;;;58;12.11%;28;5.85%;24;5.01%;;;8;1.67%;64;13.36%;8;1.68%
Europees;2019;08279806023;6;23;991;536;5;2;529;54.09%;208;38.95%;30;5.62%;83;15.54%;;;40;7.49%;36;6.74%;16;3.00%;;;9;1.69%;93;17.42%;14;2.65%
Europees;2019;08279806024;6;24;1779;996;4;6;986;55.99%;357;36.06%;55;5.56%;146;14.75%;;;133;13.43%;38;3.84%;41;4.14%;;;26;2.63%;177;17.88%;13;1.32%
Europees;2019;08279806025;6;25;1442;809;4;3;802;56.10%;284;35.24%;66;8.19%;147;18.24%;;;113;14.02%;39;4.84%;29;3.60%;;;22;2.73%;94;11.66%;8;1.00%
Europees;2019;08279806026;6;26;1184;667;5;4;658;56.33%;228;34.39%;35;5.28%;102;15.38%;;;111;16.74%;24;3.62%;28;4.22%;;;23;3.47%;91;13.73%;16;2.43%
Europees;2019;08279806027;6;27;964;477;5;3;469;49.48%;238;50.21%;20;4.22%;46;9.70%;;;52;10.97%;20;4.22%;7;1.48%;;;10;2.11%;64;13.50%;12;2.56%
Europees;2019;08279806028;6;28;1203;692;2;5;685;57.52%;257;37.41%;66;9.61%;85;12.37%;;;93;13.54%;38;5.53%;23;3.35%;;;18;2.62%;92;13.39%;13;1.90%
Europees;2019;08279806029;6;29;815;448;8;3;437;54.97%;143;32.13%;27;6.07%;61;13.71%;;;67;15.06%;23;5.17%;12;2.70%;;;12;2.70%;85;19.10%;7;1.60%
Europees;2019;08279806030;6;30;542;291;1;0;290;53.69%;81;27.84%;29;9.97%;58;19.93%;;;43;14.78%;5;1.72%;11;3.78%;;;8;2.75%;50;17.18%;5;1.72%
Europees;2019;08279806031;6;31;731;360;2;1;357;49.25%;122;33.98%;44;12.26%;39;10.86%;;;53;14.76%;9;2.51%;14;3.90%;;;12;3.34%;58;16.16%;6;1.68%
Europees;2019;08279806032;6;32;591;314;4;0;310;53.13%;96;30.57%;30;9.55%;40;12.74%;;;43;13.69%;8;2.55%;17;5.41%;;;12;3.82%;56;17.83%;8;2.58%
Europees;2019;08279806033;6;33;1023;629;5;6;618;61.49%;179;28.73%;65;10.43%;136;21.83%;;;80;12.84%;14;2.25%;24;3.85%;;;22;3.53%;83;13.32%;15;2.43%
Europees;2019;08279807001;7;1;2017;1248;4;3;1241;61.87%;266;21.37%;245;19.68%;298;23.94%;;;179;14.38%;24;1.93%;32;2.57%;;;27;2.17%;122;9.80%;48;3.87%
Europees;2019;08279807002;7;2;1506;781;1;6;774;51.86%;360;46.45%;28;3.61%;81;10.45%;;;114;14.71%;39;5.03%;29;3.74%;;;21;2.71%;90;11.61%;12;1.55%
Europees;2019;08279807003;7;3;1140;465;4;2;459;40.79%;195;42.12%;24;5.18%;48;10.37%;;;53;11.45%;18;3.89%;20;4.32%;;;18;3.89%;73;15.77%;10;2.18%
Europees;2019;08279807004;7;4;1824;1014;5;2;1007;55.59%;351;34.68%;92;9.09%;142;14.03%;;;92;9.09%;75;7.41%;48;4.74%;;;21;2.08%;175;17.29%;11;1.09%
Europees;2024;0827901001;1;1;1094;585;3;7;575;53.47%;74;12.80%;273;47.23%;88;15.22%;15;2.60%;32;5.54%;41;7.09%;22;3.81%;8;1.38%;5;0.87%;1;0.17%;16;2.78%
Europees;2024;0827901002;1;2;1161;614;7;1;606;52.89%;72;11.75%;226;36.87%;107;17.46%;38;6.20%;34;5.55%;74;12.07%;18;2.94%;11;1.79%;13;2.12%;0;0.00%;13;2.15%
Europees;2024;0827901004;1;4;1614;859;1;1;857;53.22%;148;17.25%;300;34.97%;172;20.05%;56;6.53%;36;4.20%;69;8.04%;29;3.38%;13;1.52%;7;0.82%;1;0.12%;26;3.03%
Europees;2024;0827901005;1;5;1063;587;4;3;580;55.22%;111;19.01%;186;31.85%;124;21.23%;24;4.11%;23;3.94%;57;9.76%;22;3.77%;10;1.71%;5;0.86%;5;0.86%;13;2.24%
Europees;2024;0827901006;1;6;1227;679;9;2;668;55.34%;104;15.36%;242;35.75%;136;20.09%;24;3.55%;25;3.69%;68;10.04%;33;4.87%;5;0.74%;8;1.18%;12;1.77%;11;1.65%
Europees;2024;0827901007;1;7;1429;716;5;1;710;50.10%;138;19.30%;243;33.99%;118;16.50%;28;3.92%;30;4.20%;81;11.33%;38;5.31%;13;1.82%;8;1.12%;4;0.56%;9;1.27%
Europees;2024;0827901008;1;8;991;529;5;0;524;53.38%;84;15.88%;220;41.59%;88;16.64%;10;1.89%;24;4.54%;56;10.59%;19;3.59%;8;1.51%;6;1.13%;2;0.38%;7;1.34%
Europees;2024;0827901009;1;9;1080;570;5;6;559;52.78%;105;18.62%;172;30.50%;109;19.33%;21;3.72%;17;3.01%;64;11.35%;30;5.32%;12;2.13%;7;1.24%;3;0.53%;19;3.40%
Europees;2024;0827901010;1;10;1032;563;3;1;559;54.55%;126;22.42%;153;27.22%;108;19.22%;35;6.23%;32;5.69%;33;5.87%;25;4.45%;13;2.31%;17;3.02%;2;0.36%;15;2.68%
Europees;2024;0827901011;1;11;959;434;6;2;426;45.26%;112;25.93%;65;15.05%;77;17.82%;17;3.94%;33;7.64%;59;13.66%;27;6.25%;17;3.94%;8;1.85%;3;0.69%;8;1.88%
Europees;2024;0827901012;1;12;1171;599;4;2;593;51.15%;184;30.82%;87;14.57%;103;17.25%;39;6.53%;27;4.52%;64;10.72%;40;6.70%;21;3.52%;9;1.51%;2;0.34%;17;2.87%
Europees;2024;0827901013;1;13;638;256;4;5;247;40.13%;101;40.24%;7;2.79%;30;11.95%;12;4.78%;9;3.59%;32;12.75%;31;12.35%;8;3.19%;7;2.79%;2;0.80%;8;3.24%
Europees;2024;0827901014;1;14;1573;747;3;3;741;47.49%;258;34.68%;80;10.75%;86;11.56%;29;3.90%;44;5.91%;136;18.28%;49;6.59%;30;4.03%;11;1.48%;5;0.67%;13;1.75%
Europees;2024;0827901015;1;15;948;453;3;2;448;47.78%;141;31.26%;79;17.52%;73;16.19%;16;3.55%;28;6.21%;50;11.09%;27;5.99%;11;2.44%;9;2.00%;5;1.11%;9;2.01%
Europees;2024;0827901016;1;16;1769;880;6;5;869;49.75%;254;29.03%;192;21.94%;167;19.09%;22;2.51%;27;3.09%;96;10.97%;62;7.09%;12;1.37%;9;1.03%;3;0.34%;25;2.88%
Europees;2024;0827901017;1;17;1664;871;0;4;867;52.34%;209;24.11%;265;30.57%;157;18.11%;43;4.96%;46;5.31%;78;9.00%;26;3.00%;10;1.15%;11;1.27%;3;0.35%;19;2.19%
Europees;2024;0827901018;1;18;487;290;3;0;287;59.55%;47;16.21%;91;31.38%;70;24.14%;11;3.79%;14;4.83%;23;7.93%;14;4.83%;7;2.41%;3;1.03%;2;0.69%;5;1.74%
Europees;2024;0827901019;1;19;1147;517;3;1;513;45.07%;166;32.17%;66;12.79%;70;13.57%;23;4.46%;29;5.62%;72;13.95%;38;7.36%;19;3.68%;9;1.74%;1;0.19%;20;3.90%
Europees;2024;0827901020;1;20;1202;639;4;4;631;53.16%;150;23.62%;143;22.52%;112;17.64%;34;5.35%;42;6.61%;87;13.70%;23;3.62%;9;1.42%;7;1.10%;12;1.89%;12;1.90%
Europees;2024;0827901021;1;21;1119;520;2;2;516;46.47%;133;25.68%;83;16.02%;91;17.57%;28;5.41%;30;5.79%;74;14.29%;29;5.60%;15;2.90%;9;1.74%;3;0.58%;21;4.07%
Europees;2024;0827901022;1;22;1436;761;6;2;753;52.99%;215;28.33%;175;23.06%;142;18.71%;23;3.03%;29;3.82%;87;11.46%;44;5.80%;14;1.84%;10;1.32%;7;0.92%;7;0.93%
Europees;2024;0827901023;1;23;1013;579;4;4;571;57.16%;155;26.96%;124;21.57%;89;15.48%;27;4.70%;22;3.83%;74;12.87%;48;8.35%;14;2.43%;8;1.39%;2;0.35%;8;1.40%
Europees;2024;0827901024;1;24;675;388;3;3;382;57.48%;54;14.03%;168;43.64%;61;15.84%;21;5.45%;11;2.86%;40;10.39%;6;1.56%;6;1.56%;4;1.04%;2;0.52%;9;2.36%
Europees;2024;0827901025;1;25;1083;545;4;0;541;50.32%;106;19.45%;189;34.68%;85;15.60%;24;4.40%;28;5.14%;71;13.03%;15;2.75%;6;1.10%;10;1.83%;2;0.37%;5;0.92%
Europees;2024;0827902001;2;1;1098;435;2;2;431;39.62%;206;47.58%;22;5.08%;33;7.62%;8;1.85%;13;3.00%;74;17.09%;44;10.16%;14;3.23%;5;1.15%;2;0.46%;10;2.32%
Europees;2024;0827902003;2;3;982;281;7;1;273;28.62%;139;49.64%;6;2.14%;12;4.29%;10;3.57%;6;2.14%;45;16.07%;46;16.43%;1;0.36%;1;0.36%;3;1.07%;4;1.47%
Europees;2024;0827902004;2;4;865;264;1;1;262;30.52%;129;49.05%;13;4.94%;18;6.84%;11;4.18%;10;3.80%;44;16.73%;22;8.37%;5;1.90%;4;1.52%;0;0.00%;6;2.29%
Europees;2024;0827902005;2;5;848;329;4;0;325;38.80%;152;46.20%;8;2.43%;14;4.26%;8;2.43%;20;6.08%;60;18.24%;39;11.85%;13;3.95%;5;1.52%;1;0.30%;5;1.54%
Europees;2024;0827902006;2;6;733;280;0;0;280;38.20%;117;41.79%;24;8.57%;12;4.29%;10;3.57%;17;6.07%;45;16.07%;34;12.14%;11;3.93%;3;1.07%;0;0.00%;7;2.50%
Europees;2024;0827902008;2;8;793;237;2;1;234;29.89%;100;42.37%;8;3.39%;26;11.02%;14;5.93%;6;2.54%;39;16.53%;25;10.59%;9;3.81%;3;1.27%;1;0.42%;3;1.28%
Europees;2024;0827902009;2;9;1150;391;2;1;388;34.00%;171;43.85%;12;3.08%;34;8.72%;14;3.59%;20;5.13%;52;13.33%;47;12.05%;19;4.87%;4;1.03%;3;0.77%;12;3.09%
Europees;2024;0827902011;2;11;855;300;0;0;300;35.09%;120;40.00%;10;3.33%;23;7.67%;8;2.67%;13;4.33%;44;14.67%;54;18.00%;14;4.67%;0;0.00%;7;2.33%;7;2.33%
Europees;2024;0827902012;2;12;695;175;3;0;172;25.18%;89;50.86%;4;2.29%;6;3.43%;7;4.00%;2;1.14%;19;10.86%;30;17.14%;7;4.00%;1;0.57%;0;0.00%;7;4.07%
Europees;2024;0827902014;2;14;1505;495;6;2;487;32.89%;175;35.50%;23;4.67%;40;8.11%;21;4.26%;25;5.07%;69;14.00%;63;12.78%;38;7.71%;8;1.62%;7;1.42%;18;3.70%
Europees;2024;0827902015;2;15;559;112;3;1;108;20.04%;43;38.74%;0;0.00%;5;4.50%;8;7.21%;6;5.41%;13;11.71%;18;16.22%;7;6.31%;2;1.80%;1;0.90%;5;4.63%
Europees;2024;0827902016;2;16;1588;585;1;2;582;36.84%;162;27.79%;33;5.66%;61;10.46%;30;5.15%;53;9.09%;76;13.04%;78;13.38%;43;7.38%;17;2.92%;9;1.54%;20;3.44%
Europees;2024;0827902017;2;17;1548;451;2;1;448;29.13%;174;38.67%;15;3.33%;26;5.78%;20;4.44%;20;4.44%;59;13.11%;70;15.56%;27;6.00%;12;2.67%;7;1.56%;18;4.02%
Europees;2024;0827903001;3;1;1301;555;9;0;546;42.66%;138;24.86%;78;14.05%;47;8.47%;25;4.50%;28;5.05%;64;11.53%;33;5.95%;25;4.50%;15;2.70%;1;0.18%;92;16.85%
Europees;2024;0827903002;3;2;1094;509;4;1;504;46.53%;192;37.80%;62;12.20%;51;10.04%;19;3.74%;24;4.72%;64;12.60%;45;8.86%;18;3.54%;14;2.76%;1;0.20%;14;2.78%
Europees;2024;0827903003;3;3;1186;450;3;2;445;37.94%;168;37.50%;49;10.94%;46;10.27%;16;3.57%;8;1.79%;48;10.71%;24;5.36%;15;3.35%;14;3.13%;3;0.67%;54;12.13%
Europees;2024;0827903004;3;4;955;321;2;2;317;33.61%;130;40.75%;19;5.96%;29;9.09%;13;4.08%;18;5.64%;47;14.73%;29;9.09%;17;5.33%;4;1.25%;2;0.63%;9;2.84%
Europees;2024;0827903005;3;5;1801;784;5;8;771;43.53%;245;31.57%;130;16.75%;145;18.69%;41;5.28%;38;4.90%;63;8.12%;44;5.67%;25;3.22%;13;1.68%;6;0.77%;21;2.72%
Europees;2024;0827903006;3;6;1642;736;2;8;726;44.82%;171;23.49%;176;24.18%;125;17.17%;43;5.91%;32;4.40%;79;10.85%;27;3.71%;38;5.22%;17;2.34%;4;0.55%;14;1.93%
Europees;2024;0827903007;3;7;1692;739;1;1;737;43.68%;201;27.24%;125;16.94%;136;18.43%;41;5.56%;31;4.20%;80;10.84%;59;7.99%;30;4.07%;13;1.76%;9;1.22%;12;1.63%
Europees;2024;0827903008;3;8;1531;579;2;4;573;37.82%;266;46.26%;18;3.13%;47;8.17%;20;3.48%;39;6.78%;65;11.30%;65;11.30%;21;3.65%;12;2.09%;3;0.52%;17;2.97%
Europees;2024;0827903014;3;14;1134;358;1;2;355;31.57%;150;42.13%;30;8.43%;26;7.30%;9;2.53%;13;3.65%;47;13.20%;47;13.20%;15;4.21%;6;1.69%;4;1.12%;8;2.25%
Europees;2024;0827903015;3;15;917;412;5;2;405;44.93%;153;37.32%;43;10.49%;40;9.76%;13;3.17%;29;7.07%;67;16.34%;33;8.05%;7;1.71%;7;1.71%;1;0.24%;12;2.96%
Europees;2024;0827903016;3;16;791;257;2;0;255;32.49%;127;49.42%;9;3.50%;7;2.72%;5;1.95%;7;2.72%;48;18.68%;34;13.23%;7;2.72%;2;0.78%;4;1.56%;5;1.96%
Europees;2024;0827903017;3;17;834;318;2;0;316;38.13%;145;45.60%;5;1.57%;14;4.40%;14;4.40%;7;2.20%;55;17.30%;43;13.52%;16;5.03%;4;1.26%;2;0.63%;11;3.48%
Europees;2024;0827903018;3;18;799;318;2;2;314;39.80%;114;36.08%;12;3.80%;13;4.11%;9;2.85%;21;6.65%;56;17.72%;45;14.24%;11;3.48%;10;3.16%;4;1.27%;19;6.05%
Europees;2024;0827903019;3;19;880;301;4;1;296;34.20%;127;42.33%;15;5.00%;12;4.00%;16;5.33%;10;3.33%;59;19.67%;28;9.33%;16;5.33%;2;0.67%;3;1.00%;8;2.70%
Europees;2024;0827903020;3;20;1212;506;6;0;500;41.75%;182;35.97%;52;10.28%;67;13.24%;24;4.74%;27;5.34%;51;10.08%;44;8.70%;21;4.15%;10;1.98%;7;1.38%;15;3.00%
Europees;2024;0827904001;4;1;1139;550;3;0;547;48.29%;109;19.82%;175;31.82%;104;18.91%;26;4.73%;26;4.73%;72;13.09%;14;2.55%;9;1.64%;4;0.73%;2;0.36%;6;1.10%
Europees;2024;0827904002;4;2;1165;542;1;3;538;46.52%;119;22.08%;186;34.51%;113;20.96%;26;4.82%;21;3.90%;34;6.31%;17;3.15%;5;0.93%;6;1.11%;1;0.19%;10;1.86%
Europees;2024;0827904003;4;3;1356;634;5;2;627;46.76%;166;26.27%;126;19.94%;123;19.46%;24;3.80%;24;3.80%;81;12.82%;51;8.07%;14;2.22%;9;1.42%;1;0.16%;8;1.28%
Europees;2024;0827904004;4;4;1131;492;2;5;485;43.50%;152;31.21%;94;19.30%;96;19.71%;21;4.31%;6;1.23%;53;10.88%;36;7.39%;13;2.67%;9;1.85%;1;0.21%;4;0.82%
Europees;2024;0827904005;4;5;1342;506;1;3;502;37.70%;163;32.41%;74;14.71%;83;16.50%;20;3.98%;30;5.96%;55;10.93%;30;5.96%;20;3.98%;17;3.38%;4;0.80%;6;1.20%
Europees;2024;0827904006;4;6;1505;603;3;2;598;40.07%;216;35.94%;58;9.65%;78;12.98%;29;4.83%;15;2.50%;74;12.31%;59;9.82%;25;4.16%;15;2.50%;1;0.17%;28;4.68%
Europees;2024;0827904007;4;7;1871;671;6;2;663;35.86%;258;38.57%;61;9.12%;66;9.87%;25;3.74%;30;4.48%;98;14.65%;80;11.96%;14;2.09%;8;1.20%;5;0.75%;18;2.71%
Europees;2024;0827904008;4;8;1003;320;4;1;315;31.90%;102;31.97%;23;7.21%;39;12.23%;18;5.64%;16;5.02%;46;14.42%;25;7.84%;19;5.96%;9;2.82%;4;1.25%;14;4.44%
Europees;2024;0827904009;4;9;754;243;2;0;241;32.23%;111;45.68%;7;2.88%;10;4.12%;12;4.94%;14;5.76%;44;18.11%;23;9.47%;10;4.12%;3;1.23%;1;0.41%;6;2.49%
Europees;2024;0827904010;4;10;705;255;1;1;253;36.17%;117;46.06%;13;5.12%;11;4.33%;11;4.33%;8;3.15%;33;12.99%;35;13.78%;10;3.94%;4;1.57%;2;0.79%;9;3.56%
Europees;2024;0827904012;4;12;1036;474;6;2;466;45.75%;144;30.51%;77;16.31%;79;16.74%;26;5.51%;25;5.30%;50;10.59%;37;7.84%;12;2.54%;5;1.06%;1;0.21%;10;2.15%
Europees;2024;0827904013;4;13;1253;577;0;1;576;46.05%;170;29.51%;121;21.01%;107;18.58%;42;7.29%;32;5.56%;46;7.99%;21;3.65%;15;2.60%;3;0.52%;5;0.87%;14;2.43%
Europees;2024;0827904014;4;14;1049;542;5;5;532;51.67%;104;19.37%;186;34.64%;90;16.76%;21;3.91%;24;4.47%;56;10.43%;17;3.17%;11;2.05%;11;2.05%;1;0.19%;11;2.07%
Europees;2024;0827904015;4;15;922;469;3;1;465;50.87%;85;18.16%;164;35.04%;81;17.31%;26;5.56%;20;4.27%;58;12.39%;10;2.14%;8;1.71%;4;0.85%;1;0.21%;8;1.72%
Europees;2024;0827904016;4;16;970;493;2;1;490;50.82%;108;21.95%;177;35.98%;72;14.63%;19;3.86%;15;3.05%;58;11.79%;18;3.66%;8;1.63%;4;0.81%;2;0.41%;9;1.84%
Europees;2024;0827904017;4;17;1267;716;6;2;708;56.51%;171;23.95%;190;26.61%;139;19.47%;20;2.80%;42;5.88%;63;8.82%;45;6.30%;12;1.68%;8;1.12%;5;0.70%;13;1.84%
Europees;2024;0827904018;4;18;1955;949;6;4;939;48.54%;257;27.20%;192;20.32%;172;18.20%;42;4.44%;41;4.34%;98;10.37%;67;7.09%;34;3.60%;12;1.27%;4;0.42%;20;2.13%
Europees;2024;0827904019;4;19;908;388;4;1;383;42.73%;124;32.04%;40;10.34%;40;10.34%;16;4.13%;22;5.68%;72;18.60%;42;10.85%;12;3.10%;8;2.07%;2;0.52%;5;1.31%
Europees;2024;0827904020;4;20;527;178;3;2;173;33.78%;80;45.45%;3;1.70%;13;7.39%;4;2.27%;5;2.84%;29;16.48%;16;9.09%;17;9.66%;4;2.27%;0;0.00%;2;1.16%
Europees;2024;0827904021;4;21;791;295;2;1;292;37.29%;150;51.02%;14;4.76%;17;5.78%;5;1.70%;17;5.78%;34;11.56%;31;10.54%;8;2.72%;8;2.72%;2;0.68%;6;2.05%
Europees;2024;0827904022;4;22;1726;620;2;4;614;35.92%;228;37.01%;38;6.17%;70;11.36%;39;6.33%;26;4.22%;95;15.42%;71;11.53%;31;5.03%;6;0.97%;0;0.00%;10;1.63%
Europees;2024;0827904023;4;23;1734;740;5;5;730;42.68%;277;37.69%;36;4.90%;77;10.48%;40;5.44%;45;6.12%;81;11.02%;81;11.02%;49;6.67%;12;1.63%;3;0.41%;29;3.97%
Europees;2024;0827904024;4;24;1893;728;2;3;723;38.46%;252;34.76%;46;6.34%;74;10.21%;37;5.10%;37;5.10%;107;14.76%;88;12.14%;51;7.03%;6;0.83%;2;0.28%;23;3.18%
Europees;2024;0827904025;4;25;879;433;4;2;427;49.26%;157;36.43%;50;11.60%;52;12.06%;24;5.57%;20;4.64%;66;15.31%;26;6.03%;14;3.25%;5;1.16%;5;1.16%;8;1.87%
Europees;2024;0827904026;4;26;1178;609;0;3;606;51.70%;138;22.77%;153;25.25%;111;18.32%;47;7.76%;38;6.27%;68;11.22%;20;3.30%;12;1.98%;10;1.65%;1;0.17%;8;1.32%
Europees;2024;0827905001;5;1;1580;726;6;7;713;45.95%;235;32.68%;84;11.68%;107;14.88%;30;4.17%;25;3.48%;108;15.02%;59;8.21%;39;5.42%;6;0.83%;10;1.39%;10;1.40%
Europees;2024;0827905002;5;2;1086;484;2;0;482;44.57%;206;42.56%;18;3.72%;35;7.23%;20;4.13%;19;3.93%;74;15.29%;60;12.40%;26;5.37%;10;2.07%;3;0.62%;11;2.28%
Europees;2024;0827905003;5;3;1540;677;2;1;674;43.96%;177;26.18%;128;18.93%;134;19.82%;29;4.29%;45;6.66%;76;11.24%;41;6.07%;19;2.81%;2;0.30%;2;0.30%;21;3.12%
Europees;2024;0827905004;5;4;1285;649;7;3;639;50.51%;204;31.58%;124;19.20%;109;16.87%;24;3.72%;34;5.26%;55;8.51%;35;5.42%;21;3.25%;7;1.08%;2;0.31%;24;3.76%
Europees;2024;0827905005;5;5;794;380;2;2;376;47.86%;108;28.57%;66;17.46%;87;23.02%;24;6.35%;23;6.08%;31;8.20%;14;3.70%;8;2.12%;7;1.85%;2;0.53%;6;1.60%
Europees;2024;0827905006;5;6;1537;765;5;2;758;49.77%;227;29.75%;138;18.09%;142;18.61%;31;4.06%;23;3.01%;93;12.19%;50;6.55%;18;2.36%;15;1.97%;0;0.00%;21;2.77%
Europees;2024;0827905007;5;7;882;506;1;1;504;57.37%;129;25.54%;133;26.34%;94;18.61%;22;4.36%;29;5.74%;51;10.10%;21;4.16%;13;2.57%;6;1.19%;1;0.20%;5;0.99%
Europees;2024;0827905008;5;8;1478;748;3;2;743;50.61%;211;28.28%;166;22.25%;140;18.77%;28;3.75%;45;6.03%;76;10.19%;35;4.69%;16;2.14%;12;1.61%;0;0.00%;14;1.88%
Europees;2024;0827905009;5;9;1360;695;4;2;689;51.10%;253;36.51%;107;15.44%;80;11.54%;32;4.62%;52;7.50%;93;13.42%;32;4.62%;17;2.45%;4;0.58%;6;0.87%;13;1.89%
Europees;2024;0827905010;5;10;985;388;0;1;387;39.39%;192;49.61%;23;5.94%;30;7.75%;19;4.91%;15;3.88%;45;11.63%;35;9.04%;4;1.03%;5;1.29%;4;1.03%;15;3.88%
Europees;2024;0827905011;5;11;1405;678;6;1;671;48.26%;239;35.30%;105;15.51%;99;14.62%;30;4.43%;24;3.55%;87;12.85%;40;5.91%;18;2.66%;9;1.33%;3;0.44%;17;2.53%
Europees;2024;0827905012;5;12;591;263;1;1;261;44.50%;80;30.53%;39;14.89%;41;15.65%;19;7.25%;12;4.58%;26;9.92%;18;6.87%;13;4.96%;7;2.67%;1;0.38%;5;1.92%
Europees;2024;0827905013;5;13;1360;449;6;2;441;33.01%;153;34.23%;34;7.61%;49;10.96%;9;2.01%;16;3.58%;47;10.51%;84;18.79%;26;5.82%;9;2.01%;0;0.00%;14;3.17%
Europees;2024;0827905014;5;14;1433;628;5;1;622;43.82%;275;43.86%;39;6.22%;65;10.37%;25;3.99%;32;5.10%;92;14.67%;47;7.50%;24;3.83%;3;0.48%;2;0.32%;18;2.89%
Europees;2024;0827905015;5;15;707;255;3;1;251;36.07%;94;37.01%;11;4.33%;39;15.35%;11;4.33%;11;4.33%;24;9.45%;27;10.63%;16;6.30%;4;1.57%;0;0.00%;14;5.58%
Europees;2024;0827905016;5;16;1984;761;10;1;750;38.36%;279;36.71%;42;5.53%;106;13.95%;32;4.21%;43;5.66%;96;12.63%;77;10.13%;40;5.26%;9;1.18%;3;0.39%;23;3.07%
Europees;2024;0827905017;5;17;1516;669;7;0;662;44.13%;243;36.32%;86;12.86%;89;13.30%;38;5.68%;36;5.38%;72;10.76%;44;6.58%;32;4.78%;7;1.05%;0;0.00%;15;2.27%
Europees;2024;0827905018;5;18;971;436;0;1;435;44.90%;194;44.60%;16;3.68%;32;7.36%;14;3.22%;26;5.98%;85;19.54%;29;6.67%;20;4.60%;6;1.38%;2;0.46%;11;2.53%
Europees;2024;0827905019;5;19;1019;399;5;3;391;39.16%;116;29.29%;44;11.11%;65;16.41%;17;4.29%;22;5.56%;47;11.87%;32;8.08%;24;6.06%;11;2.78%;4;1.01%;9;2.30%
Europees;2024;0827905020;5;20;1003;450;3;4;443;44.87%;128;28.70%;64;14.35%;82;18.39%;20;4.48%;25;5.61%;56;12.56%;23;5.16%;19;4.26%;12;2.69%;2;0.45%;12;2.71%
Europees;2024;0827905021;5;21;610;288;0;1;287;47.21%;103;35.89%;46;16.03%;50;17.42%;15;5.23%;8;2.79%;32;11.15%;11;3.83%;7;2.44%;6;2.09%;2;0.70%;7;2.44%
Europees;2024;0827905022;5;22;583;248;0;0;248;42.54%;70;28.23%;27;10.89%;35;14.11%;10;4.03%;16;6.45%;48;19.35%;18;7.26%;15;6.05%;1;0.40%;0;0.00%;8;3.23%
Europees;2024;0827905023;5;23;1539;742;5;3;734;48.21%;192;25.98%;157;21.24%;154;20.84%;48;6.50%;34;4.60%;82;11.10%;21;2.84%;8;1.08%;13;1.76%;7;0.95%;18;2.45%
Europees;2024;0827905024;5;24;1177;559;6;1;552;47.49%;193;34.59%;62;11.11%;90;16.13%;35;6.27%;31;5.56%;66;11.83%;44;7.89%;14;2.51%;3;0.54%;5;0.90%;9;1.63%
Europees;2024;0827905025;5;25;970;381;1;1;379;39.28%;151;39.74%;34;8.95%;50;13.16%;13;3.42%;21;5.53%;46;12.11%;25;6.58%;29;7.63%;2;0.53%;4;1.05%;4;1.06%
Europees;2024;0827905026;5;26;955;488;1;1;486;51.10%;141;28.95%;96;19.71%;84;17.25%;20;4.11%;15;3.08%;54;11.09%;32;6.57%;15;3.08%;3;0.62%;4;0.82%;22;4.53%
Europees;2024;0827905027;5;27;951;470;5;4;461;49.42%;124;26.61%;95;20.39%;63;13.52%;25;5.36%;40;8.58%;76;16.31%;14;3.00%;6;1.29%;11;2.36%;2;0.43%;5;1.08%
Europees;2024;0827905028;5;28;954;483;5;1;477;50.63%;178;36.93%;44;9.13%;41;8.51%;18;3.73%;23;4.77%;87;18.05%;39;8.09%;28;5.81%;8;1.66%;3;0.62%;8;1.68%
Europees;2024;0827905029;5;29;990;419;2;1;416;42.32%;146;34.93%;45;10.77%;53;12.68%;16;3.83%;20;4.78%;46;11.00%;43;10.29%;25;5.98%;5;1.20%;1;0.24%;16;3.85%
Europees;2024;0827905030;5;30;835;362;1;1;360;43.35%;165;45.71%;12;3.32%;28;7.76%;14;3.88%;8;2.22%;60;16.62%;46;12.74%;12;3.32%;5;1.39%;3;0.83%;7;1.94%
Europees;2024;0827905031;5;31;595;281;2;1;278;47.23%;118;42.14%;9;3.21%;13;4.64%;22;7.86%;10;3.57%;48;17.14%;29;10.36%;11;3.93%;5;1.79%;8;2.86%;5;1.80%
Europees;2024;0827905032;5;32;946;409;2;2;405;43.23%;163;40.05%;48;11.79%;36;8.85%;26;6.39%;20;4.91%;54;13.27%;33;8.11%;7;1.72%;4;0.98%;5;1.23%;9;2.22%
Europees;2024;0827906001;6;1;880;360;4;0;356;40.91%;169;46.94%;15;4.17%;25;6.94%;9;2.50%;11;3.06%;55;15.28%;42;11.67%;17;4.72%;2;0.56%;3;0.83%;8;2.25%
Europees;2024;0827906002;6;2;1218;479;4;3;472;39.33%;167;35.08%;33;6.93%;55;11.55%;18;3.78%;22;4.62%;73;15.34%;54;11.34%;27;5.67%;11;2.31%;2;0.42%;10;2.12%
Europees;2024;0827906003;6;3;1492;616;3;2;611;41.29%;261;42.51%;29;4.72%;48;7.82%;34;5.54%;28;4.56%;98;15.96%;57;9.28%;26;4.23%;7;1.14%;6;0.98%;17;2.78%
Europees;2024;0827906004;6;4;877;294;4;0;290;33.52%;113;38.44%;18;6.12%;21;7.14%;21;7.14%;14;4.76%;43;14.63%;29;9.86%;15;5.10%;5;1.70%;3;1.02%;8;2.76%
Europees;2024;0827906005;6;5;1156;431;4;2;425;37.28%;148;34.50%;33;7.69%;42;9.79%;14;3.26%;22;5.13%;66;15.38%;52;12.12%;24;5.59%;7;1.63%;4;0.93%;13;3.06%
Europees;2024;0827906006;6;6;1221;428;1;1;426;35.05%;143;33.49%;19;4.45%;24;5.62%;21;4.92%;26;6.09%;84;19.67%;53;12.41%;31;7.26%;7;1.64%;3;0.70%;15;3.52%
Europees;2024;0827906008;6;8;1707;705;6;3;696;41.30%;224;31.91%;86;12.25%;120;17.09%;26;3.70%;37;5.27%;73;10.40%;62;8.83%;26;3.70%;15;2.14%;1;0.14%;26;3.74%
Europees;2024;0827906009;6;9;904;365;2;0;363;40.38%;147;40.27%;28;7.67%;44;12.05%;19;5.21%;15;4.11%;53;14.52%;37;10.14%;9;2.47%;6;1.64%;1;0.27%;4;1.10%
Europees;2024;0827906010;6;10;1633;640;3;4;633;39.19%;268;42.14%;28;4.40%;70;11.01%;22;3.46%;38;5.97%;91;14.31%;52;8.18%;33;5.19%;8;1.26%;7;1.10%;16;2.53%
Europees;2024;0827906011;6;11;1193;407;5;0;402;34.12%;167;41.03%;17;4.18%;34;8.35%;11;2.70%;19;4.67%;65;15.97%;45;11.06%;18;4.42%;4;0.98%;1;0.25%;21;5.22%
Europees;2024;0827906012;6;12;943;380;3;0;377;40.30%;170;44.74%;18;4.74%;45;11.84%;16;4.21%;7;1.84%;56;14.74%;25;6.58%;17;4.47%;6;1.58%;5;1.32%;12;3.18%
Europees;2024;0827906013;6;13;687;276;1;2;273;40.17%;133;48.54%;4;1.46%;19;6.93%;13;4.74%;15;5.47%;42;15.33%;25;9.12%;15;5.47%;2;0.73%;0;0.00%;5;1.83%
Europees;2024;0827906014;6;14;735;219;1;0;218;29.80%;102;46.58%;12;5.48%;8;3.65%;7;3.20%;6;2.74%;30;13.70%;30;13.70%;9;4.11%;3;1.37%;2;0.91%;9;4.13%
Europees;2024;0827906016;6;16;1160;454;4;0;450;39.14%;151;33.26%;44;9.69%;43;9.47%;19;4.19%;25;5.51%;71;15.64%;62;13.66%;9;1.98%;5;1.10%;3;0.66%;18;4.00%
Europees;2024;0827906018;6;18;894;310;1;0;309;34.68%;130;41.94%;13;4.19%;17;5.48%;17;5.48%;14;4.52%;45;14.52%;48;15.48%;10;3.23%;4;1.29%;6;1.94%;5;1.62%
Europees;2024;0827906020;6;20;1076;337;1;3;333;31.32%;148;44.31%;11;3.29%;15;4.49%;6;1.80%;12;3.59%;48;14.37%;67;20.06%;12;3.59%;6;1.80%;1;0.30%;7;2.10%
Europees;2024;0827906023;6;23;1010;376;3;0;373;37.23%;160;42.55%;11;2.93%;22;5.85%;10;2.66%;9;2.39%;71;18.88%;52;13.83%;21;5.59%;7;1.86%;2;0.53%;8;2.14%
Europees;2024;0827906024;6;24;1820;720;7;3;710;39.56%;280;39.05%;22;3.07%;41;5.72%;25;3.49%;47;6.56%;125;17.43%;91;12.69%;39;5.44%;20;2.79%;4;0.56%;16;2.25%
Europees;2024;0827906025;6;25;1427;570;1;2;567;39.94%;233;41.02%;17;2.99%;47;8.27%;30;5.28%;41;7.22%;65;11.44%;79;13.91%;28;4.93%;5;0.88%;4;0.70%;18;3.17%
Europees;2024;0827906026;6;26;1229;468;3;2;463;38.08%;184;39.48%;9;1.93%;38;8.15%;16;3.43%;30;6.44%;70;15.02%;78;16.74%;19;4.08%;10;2.15%;7;1.50%;2;0.43%
Europees;2024;0827906027;6;27;935;325;5;2;318;34.76%;146;45.20%;5;1.55%;21;6.50%;9;2.79%;7;2.17%;55;17.03%;38;11.76%;20;6.19%;7;2.17%;2;0.62%;8;2.52%
Europees;2024;0827906028;6;28;1206;476;2;0;474;39.47%;202;42.44%;20;4.20%;40;8.40%;27;5.67%;31;6.51%;81;17.02%;45;9.45%;16;3.36%;5;1.05%;5;1.05%;2;0.42%
Europees;2024;0827906029;6;29;827;304;4;1;299;36.76%;92;30.36%;8;2.64%;17;5.61%;11;3.63%;12;3.96%;52;17.16%;49;16.17%;33;10.89%;11;3.63%;3;0.99%;11;3.68%
Europees;2024;0827906030;6;30;594;224;0;0;224;37.71%;87;38.84%;5;2.23%;21;9.38%;10;4.46%;14;6.25%;26;11.61%;31;13.84%;0;0.00%;6;2.68%;0;0.00%;24;10.71%
Europees;2024;0827906031;6;31;726;219;1;1;217;30.17%;83;38.07%;11;5.05%;11;5.05%;9;4.13%;12;5.50%;34;15.60%;27;12.39%;20;9.17%;4;1.83%;1;0.46%;5;2.30%
Europees;2024;0827906032;6;32;851;274;2;3;269;32.20%;83;30.63%;0;0.00%;17;6.27%;6;2.21%;8;2.95%;53;19.56%;50;18.45%;21;7.75%;3;1.11%;2;0.74%;26;9.67%
Europees;2024;0827906033;6;33;1079;407;2;3;402;37.72%;141;34.90%;25;6.19%;46;11.39%;14;3.47%;17;4.21%;65;16.09%;48;11.88%;25;6.19%;9;2.23%;2;0.50%;10;2.49%
Europees;2024;0827907001;7;1;1053;453;1;4;448;43.02%;100;22.27%;72;16.04%;67;14.92%;25;5.57%;27;6.01%;56;12.47%;46;10.24%;26;5.79%;9;2.00%;6;1.34%;14;3.13%
Europees;2024;0827907002;7;2;1510;529;5;0;524;35.03%;261;49.34%;4;0.76%;25;4.73%;27;5.10%;24;4.54%;75;14.18%;68;12.85%;23;4.35%;2;0.38%;2;0.38%;13;2.48%
Europees;2024;0827907003;7;3;1122;297;5;0;292;26.47%;137;46.13%;4;1.35%;9;3.03%;2;0.67%;4;1.35%;42;14.14%;57;19.19%;22;7.41%;11;3.70%;2;0.67%;2;0.68%
Europees;2024;0827907004;7;4;1873;768;4;3;761;41.00%;270;35.29%;29;3.79%;62;8.10%;31;4.05%;26;3.40%;174;22.75%;87;11.37%;37;4.84%;14;1.83%;18;2.35%;13;1.71%
Europees;2024;0827907005;7;5;1120;511;1;7;503;45.63%;181;35.91%;63;12.50%;80;15.87%;35;6.94%;15;2.98%;49;9.72%;35;6.94%;29;5.75%;8;1.59%;2;0.40%;6;1.19%
