Elecció;Any;CDIS;CSEC;Districte;Secció;CUSEC;NUM_ELECTORS;NUM_VOTANTS;VOTS_BLANCS;VOTS_NULS;VOTS_CANDIDATURES;Participació;CUP;% CUP;ERC;% ERC;FO;% FO;Junts;% Junts;PACMA;% PACMA;PCTC;% PCTC;PdeCat;% PdeCat;PP;% PP;PSC;% PSC;RECORTES CERO;% RECORTES CERO;Sumar;% Sumar;VOX;% VOX;Altres;% Altres
Generals;2023;01;001;1;1;0827901001;1042;750;8;5;737;71,98%;32;4,22%;105;13,85%;4;0,53%;259;34,17%;6;0,79%;0;0,00%;26;3,43%;57;7,52%;137;18,07%;0;0,00%;82;10,82%;29;3,83%;4;0.0054
Generals;2023;01;002;1;2;0827901002;1140;786;7;5;774;68,95%;37;4,67%;151;19,04%;0;0,00%;200;25,22%;9;1,13%;0;0,00%;21;2,65%;86;10,84%;149;18,79%;0;0,00%;93;11,73%;28;3,53%;0;0.0000
Generals;2023;01;004;1;4;0827901004;1563;1119;6;7;1106;71,59%;67;5,96%;186;16,53%;0;0,00%;233;20,71%;10;0,89%;0;0,00%;21;1,87%;101;8,98%;256;22,76%;0;0,00%;180;16,00%;52;4,62%;0;0.0000
Generals;2023;01;005;1;5;0827901005;1068;806;4;3;799;75,47%;34;4,20%;162;20,00%;0;0,00%;157;19,38%;6;0,74%;1;0,12%;10;1,23%;87;10,74%;210;25,93%;0;0,00%;107;13,21%;25;3,09%;1;0.0013
Generals;2023;01;006;1;6;0827901006;1209;907;7;14;886;75,02%;31;3,39%;164;17,94%;1;0,11%;201;21,99%;9;0,98%;0;0,00%;30;3,28%;105;11,49%;202;22,10%;0;0,00%;92;10,07%;51;5,58%;1;0.0011
Generals;2023;01;007;1;7;0827901007;1438;989;13;16;960;68,78%;29;2,89%;157;15,67%;0;0,00%;226;22,55%;7;0,70%;0;0,00%;24;2,40%;118;11,78%;229;22,85%;0;0,00%;122;12,18%;48;4,79%;0;0.0000
Generals;2023;01;008;1;8;0827901008;973;683;3;4;676;70,20%;27;3,94%;116;16,91%;0;0,00%;203;29,59%;6;0,87%;2;0,29%;24;3,50%;72;10,50%;125;18,22%;0;0,00%;68;9,91%;33;4,81%;2;0.0030
Generals;2023;01;009;1;9;0827901009;1047;757;12;4;741;72,30%;24;3,12%;126;16,38%;0;0,00%;170;22,11%;3;0,39%;1;0,13%;28;3,64%;92;11,96%;155;20,16%;0;0,00%;98;12,74%;44;5,72%;1;0.0013
Generals;2023;01;010;1;10;0827901010;1008;731;4;5;722;72,52%;25;3,40%;151;20,54%;2;0,27%;122;16,60%;6;0,82%;2;0,27%;12;1,63%;70;9,52%;198;26,94%;1;0,14%;92;12,52%;41;5,58%;5;0.0069
Generals;2023;01;011;1;11;0827901011;955;653;8;8;637;68,38%;13;1,97%;92;13,92%;2;0,30%;43;6,51%;9;1,36%;0;0,00%;1;0,15%;75;11,35%;232;35,10%;2;0,30%;122;18,46%;46;6,96%;4;0.0063
Generals;2023;01;012;1;12;0827901012;1143;805;5;9;791;70,43%;16;1,98%;99;12,22%;4;0,49%;70;8,64%;11;1,36%;1;0,12%;6;0,74%;69;8,52%;293;36,17%;0;0,00%;159;19,63%;63;7,78%;5;0.0063
Generals;2023;01;013;1;13;0827901013;634;409;6;2;401;64,51%;4;0,96%;40;9,64%;0;0,00%;5;1,20%;10;2,41%;0;0,00%;1;0,24%;39;9,40%;193;46,51%;2;0,48%;60;14,46%;47;11,33%;2;0.0050
Generals;2023;01;014;1;14;0827901014;1540;1038;8;3;1027;67,40%;25;2,39%;94;8,99%;2;0,19%;75;7,17%;14;1,34%;0;0,00%;4;0,38%;181;17,30%;377;36,04%;0;0,00%;160;15,30%;95;9,08%;2;0.0019
Generals;2023;01;015;1;15;0827901015;944;652;8;4;640;69,07%;16;2,42%;77;11,67%;6;0,91%;55;8,33%;8;1,21%;0;0,00%;4;0,61%;62;9,39%;251;38,03%;0;0,00%;99;15,00%;62;9,39%;6;0.0094
Generals;2023;01;016;1;16;0827901016;1787;1256;8;12;1236;70,29%;30;2,37%;216;17,09%;3;0,24%;188;14,87%;14;1,11%;5;0,40%;13;1,03%;123;9,73%;393;31,09%;1;0,08%;170;13,45%;80;6,33%;9;0.0073
Generals;2023;01;017;1;17;0827901017;1669;1194;2;10;1182;71,54%;41;3,43%;206;17,22%;1;0,08%;225;18,81%;10;0,84%;0;0,00%;20;1,67%;114;9,53%;336;28,09%;0;0,00%;192;16,05%;37;3,09%;1;0.0008
Generals;2023;01;018;1;18;0827901018;487;355;1;9;345;72,90%;24;6,74%;58;16,29%;0;0,00%;83;23,31%;3;0,84%;0;0,00%;7;1,97%;32;8,99%;68;19,10%;0;0,00%;53;14,89%;17;4,78%;0;0.0000
Generals;2023;01;019;1;19;0827901019;1154;736;5;7;724;63,78%;19;2,56%;96;12,96%;2;0,27%;49;6,61%;7;0,94%;1;0,13%;3;0,40%;101;13,63%;242;32,66%;0;0,00%;133;17,95%;71;9,58%;3;0.0041
Generals;2023;01;020;1;20;0827901020;1195;849;7;3;839;71,05%;37;4,32%;128;14,95%;2;0,23%;112;13,08%;11;1,29%;0;0,00%;7;0,82%;102;11,92%;242;28,27%;0;0,00%;157;18,34%;41;4,79%;2;0.0024
Generals;2023;01;021;1;21;0827901021;1126;781;5;5;771;69,36%;19;2,42%;113;14,38%;0;0,00%;81;10,31%;16;2,04%;1;0,13%;6;0,76%;123;15,65%;227;28,88%;1;0,13%;130;16,54%;54;6,87%;2;0.0026
Generals;2023;01;022;1;22;0827901022;1417;1019;14;8;997;71,91%;28;2,71%;156;15,10%;3;0,29%;156;15,10%;11;1,06%;1;0,10%;17;1,65%;107;10,36%;316;30,59%;1;0,10%;120;11,62%;81;7,84%;5;0.0050
Generals;2023;01;023;1;23;0827901023;1000;770;3;4;763;77,00%;19;2,46%;103;13,32%;0;0,00%;113;14,62%;6;0,78%;0;0,00%;6;0,78%;104;13,45%;244;31,57%;2;0,26%;104;13,45%;62;8,02%;2;0.0026
Generals;2023;01;024;1;24;0827901024;682;496;5;6;485;72,73%;26;5,19%;86;17,17%;0;0,00%;124;24,75%;0;0,00%;2;0,40%;18;3,59%;48;9,58%;104;20,76%;0;0,00%;63;12,57%;14;2,79%;2;0.0041
Generals;2023;01;025;1;25;0827901025;1046;723;10;7;706;69,12%;26;3,55%;112;15,28%;1;0,14%;136;18,55%;9;1,23%;2;0,27%;26;3,55%;76;10,37%;187;25,51%;1;0,14%;97;13,23%;33;4,50%;4;0.0057
Generals;2023;02;001;2;1;0827902001;1063;626;7;5;614;58,89%;5;0,79%;37;5,85%;2;0,32%;16;2,53%;7;1,11%;0;0,00%;1;0,16%;102;16,11%;276;43,60%;0;0,00%;88;13,90%;80;12,64%;2;0.0033
Generals;2023;02;003;2;3;0827902003;958;494;8;4;482;51,57%;0;0,00%;26;5,18%;3;0,60%;9;1,79%;4;0,80%;0;0,00%;0;0,00%;69;13,75%;246;49,00%;0;0,00%;58;11,55%;67;13,35%;3;0.0062
Generals;2023;02;004;2;4;0827902004;879;442;7;4;431;50,28%;3;0,67%;17;3,79%;5;1,11%;8;1,78%;3;0,67%;0;0,00%;0;0,00%;50;11,14%;233;51,89%;0;0,00%;57;12,69%;55;12,25%;5;0.0116
Generals;2023;02;005;2;5;0827902005;828;502;10;5;487;60,63%;1;0,20%;28;5,47%;0;0,00%;5;0,98%;7;1,37%;0;0,00%;0;0,00%;77;15,04%;225;43,95%;0;0,00%;84;16,41%;60;11,72%;0;0.0000
Generals;2023;02;006;2;6;0827902006;714;424;7;1;416;59,38%;4;0,93%;21;4,87%;0;0,00%;12;2,78%;5;1,16%;1;0,23%;1;0,23%;60;13,92%;178;41,30%;1;0,23%;62;14,39%;71;16,47%;2;0.0048
Generals;2023;02;008;2;8;0827902008;773;470;12;2;456;60,80%;4;0,83%;37;7,68%;2;0,41%;4;0,83%;7;1,45%;0;0,00%;0;0,00%;60;12,45%;200;41,49%;0;0,00%;67;13,90%;75;15,56%;2;0.0044
Generals;2023;02;009;2;9;0827902009;1137;673;7;5;661;59,19%;4;0,59%;55;8,09%;7;1,03%;8;1,18%;8;1,18%;0;0,00%;2;0,29%;89;13,09%;285;41,91%;1;0,15%;108;15,88%;94;13,82%;8;0.0121
Generals;2023;02;011;2;11;0827902011;855;502;7;4;491;58,71%;4;0,79%;42;8,25%;2;0,39%;3;0,59%;4;0,79%;1;0,20%;2;0,39%;63;12,38%;211;41,45%;0;0,00%;76;14,93%;83;16,31%;3;0.0061
Generals;2023;02;012;2;12;0827902012;681;338;9;3;326;49,63%;1;0,29%;18;5,19%;1;0,29%;3;0,86%;4;1,15%;0;0,00%;1;0,29%;26;7,49%;181;52,16%;2;0,58%;40;11,53%;49;14,12%;3;0.0092
Generals;2023;02;014;2;14;0827902014;1467;912;11;7;894;62,17%;7;0,76%;66;7,15%;4;0,43%;15;1,63%;18;1,95%;2;0,22%;2;0,22%;110;11,92%;346;37,49%;0;0,00%;155;16,79%;169;18,31%;6;0.0067
Generals;2023;02;015;2;15;0827902015;557;277;3;3;271;49,73%;0;0,00%;3;1,07%;2;0,71%;2;0,71%;6;2,14%;0;0,00%;0;0,00%;29;10,36%;147;52,50%;0;0,00%;32;11,43%;50;17,86%;2;0.0074
Generals;2023;02;016;2;16;0827902016;1595;1018;8;9;1001;63,82%;8;0,78%;95;9,26%;7;0,68%;32;3,12%;21;2,05%;4;0,39%;4;0,39%;109;10,62%;379;36,94%;3;0,29%;169;16,47%;170;16,57%;14;0.0140
Generals;2023;02;017;2;17;0827902017;1457;773;7;3;763;53,05%;11;1,41%;39;5,00%;3;0,38%;15;1,92%;19;2,44%;2;0,26%;1;0,13%;71;9,10%;342;43,85%;3;0,38%;120;15,38%;137;17,56%;8;0.0105
Generals;2023;03;001;3;1;0827903001;1272;824;10;4;810;64,78%;13;1,56%;113;13,55%;4;0,48%;66;7,91%;10;1,20%;0;0,00%;2;0,24%;97;11,63%;293;35,13%;1;0,12%;147;17,63%;64;7,67%;5;0.0062
Generals;2023;03;002;3;2;0827903002;1085;745;8;7;730;68,66%;15;1,99%;82;10,89%;1;0,13%;55;7,30%;14;1,86%;0;0,00%;0;0,00%;83;11,02%;301;39,97%;1;0,13%;112;14,87%;66;8,76%;2;0.0027
Generals;2023;03;003;3;3;0827903003;1176;732;7;5;720;62,24%;7;0,95%;58;7,85%;2;0,27%;33;4,47%;11;1,49%;1;0,14%;2;0,27%;97;13,13%;312;42,22%;0;0,00%;112;15,16%;85;11,50%;3;0.0042
Generals;2023;03;004;3;4;0827903004;921;549;12;2;535;59,61%;7;1,25%;46;8,20%;1;0,18%;16;2,85%;5;0,89%;1;0,18%;0;0,00%;78;13,90%;211;37,61%;3;0,53%;94;16,76%;73;13,01%;5;0.0093
Generals;2023;03;005;3;5;0827903005;1782;1190;13;13;1164;66,78%;25;2,08%;184;15,30%;5;0,42%;135;11,22%;17;1,41%;1;0,08%;9;0,75%;106;8,81%;392;32,59%;0;0,00%;207;17,21%;83;6,90%;6;0.0052
Generals;2023;03;006;3;6;0827903006;1606;1095;3;13;1079;68,18%;28;2,55%;166;15,12%;3;0,27%;151;13,75%;11;1,00%;2;0,18%;9;0,82%;105;9,56%;334;30,42%;4;0,36%;198;18,03%;68;6,19%;9;0.0083
Generals;2023;03;007;3;7;0827903007;1669;1115;9;12;1094;66,81%;29;2,58%;178;15,84%;2;0,18%;107;9,52%;16;1,42%;0;0,00%;5;0,44%;118;10,50%;364;32,38%;0;0,00%;181;16,10%;94;8,36%;2;0.0018
Generals;2023;03;008;3;8;0827903008;1509;954;5;5;944;63,22%;9;0,94%;58;6,05%;2;0,21%;13;1,36%;13;1,36%;2;0,21%;0;0,00%;100;10,43%;460;47,97%;0;0,00%;148;15,43%;139;14,49%;4;0.0042
Generals;2023;03;014;3;14;0827903014;1116;636;4;12;620;56,99%;12;1,88%;38;5,94%;1;0,16%;28;4,38%;7;1,09%;1;0,16%;1;0,16%;69;10,78%;282;44,06%;1;0,16%;95;14,84%;85;13,28%;3;0.0048
Generals;2023;03;015;3;15;0827903015;907;578;6;6;566;63,73%;11;1,88%;55;9,42%;0;0,00%;27;4,62%;8;1,37%;0;0,00%;1;0,17%;79;13,53%;213;36,47%;1;0,17%;106;18,15%;65;11,13%;1;0.0018
Generals;2023;03;016;3;16;0827903016;791;383;3;6;374;48,42%;1;0,26%;15;3,89%;4;1,04%;5;1,30%;6;1,55%;1;0,26%;1;0,26%;58;15,03%;186;48,19%;0;0,00%;44;11,40%;53;13,73%;5;0.0134
Generals;2023;03;017;3;17;0827903017;831;508;8;2;498;61,13%;2;0,39%;27;5,23%;2;0,39%;3;0,58%;4;0,78%;0;0,00%;0;0,00%;84;16,28%;258;50,00%;1;0,19%;57;11,05%;60;11,63%;3;0.0060
Generals;2023;03;018;3;18;0827903018;768;508;6;5;497;66,15%;2;0,39%;31;6,03%;1;0,19%;4;0,78%;7;1,36%;1;0,19%;1;0,19%;83;16,15%;223;43,39%;0;0,00%;83;16,15%;61;11,87%;2;0.0040
Generals;2023;03;019;3;19;0827903019;869;505;8;4;493;58,11%;4;0,78%;28;5,46%;4;0,78%;16;3,12%;0;0,00%;3;0,58%;2;0,39%;74;14,42%;234;45,61%;2;0,39%;71;13,84%;55;10,72%;9;0.0183
Generals;2023;03;020;3;20;0827903020;1179;742;7;10;725;62,93%;9;1,20%;60;8,01%;4;0,53%;44;5,87%;13;1,74%;1;0,13%;4;0,53%;78;10,41%;307;40,99%;0;0,00%;139;18,56%;66;8,81%;5;0.0069
Generals;2023;04;001;4;1;0827904001;1135;758;6;6;746;66,78%;24;3,14%;107;14,01%;2;0,26%;154;20,16%;6;0,79%;0;0,00%;24;3,14%;100;13,09%;203;26,57%;0;0,00%;97;12,70%;29;3,80%;2;0.0027
Generals;2023;04;002;4;2;0827904002;1140;765;8;9;748;67,11%;27;3,49%;126;16,30%;2;0,26%;159;20,57%;4;0,52%;2;0,26%;25;3,23%;50;6,47%;204;26,39%;1;0,13%;113;14,62%;35;4,53%;5;0.0067
Generals;2023;04;003;4;3;0827904003;1333;889;2;5;882;66,69%;23;2,58%;149;16,72%;0;0,00%;106;11,90%;5;0,56%;0;0,00%;8;0,90%;106;11,90%;286;32,10%;0;0,00%;144;16,16%;55;6,17%;0;0.0000
Generals;2023;04;004;4;4;0827904004;1137;734;6;13;715;64,56%;16;2,16%;128;17,30%;4;0,54%;57;7,70%;11;1,49%;1;0,14%;1;0,14%;66;8,92%;244;32,97%;0;0,00%;130;17,57%;57;7,70%;5;0.0070
Generals;2023;04;005;4;5;0827904005;1272;818;10;7;801;64,31%;15;1,81%;111;13,41%;0;0,00%;57;6,88%;14;1,69%;1;0,12%;4;0,48%;79;9,54%;296;35,75%;2;0,24%;153;18,48%;69;8,33%;3;0.0037
Generals;2023;04;006;4;6;0827904006;1482;946;8;11;927;63,83%;13;1,36%;80;8,39%;5;0,52%;48;5,03%;29;3,04%;4;0,42%;3;0,31%;101;10,59%;364;38,16%;1;0,10%;173;18,13%;106;11,11%;10;0.0108
Generals;2023;04;007;4;7;0827904007;1861;1120;9;9;1102;60,18%;10;0,89%;100;8,86%;1;0,09%;44;3,90%;17;1,51%;0;0,00%;8;0,71%;136;12,05%;458;40,57%;2;0,18%;179;15,85%;147;13,02%;3;0.0027
Generals;2023;04;008;4;8;0827904008;986;610;7;8;595;61,87%;6;0,97%;49;7,94%;5;0,81%;37;6,00%;16;2,59%;0;0,00%;0;0,00%;76;12,32%;221;35,82%;1;0,16%;115;18,64%;69;11,18%;6;0.0101
Generals;2023;04;009;4;9;0827904009;757;426;4;9;413;56,27%;2;0,47%;24;5,58%;5;1,16%;12;2,79%;8;1,86%;0;0,00%;0;0,00%;77;17,91%;163;37,91%;0;0,00%;63;14,65%;59;13,72%;5;0.0121
Generals;2023;04;010;4;10;0827904010;715;388;2;5;381;54,27%;3;0,77%;9;2,31%;1;0,26%;7;1,79%;5;1,28%;3;0,77%;0;0,00%;42;10,77%;186;47,69%;3;0,77%;66;16,92%;56;14,36%;7;0.0184
Generals;2023;04;012;4;12;0827904012;1033;650;4;21;625;62,92%;23;3,52%;75;11,47%;0;0,00%;45;6,88%;9;1,38%;0;0,00%;3;0,46%;53;8,10%;222;33,94%;0;0,00%;128;19,57%;67;10,24%;0;0.0000
Generals;2023;04;013;4;13;0827904013;1230;845;6;6;833;68,70%;21;2,47%;125;14,69%;0;0,00%;110;12,93%;11;1,29%;0;0,00%;3;0,35%;71;8,34%;282;33,14%;2;0,24%;148;17,39%;60;7,05%;2;0.0024
Generals;2023;04;014;4;14;0827904014;1022;725;3;7;715;70,94%;37;5,08%;107;14,70%;0;0,00%;180;24,73%;4;0,55%;1;0,14%;22;3,02%;84;11,54%;170;23,35%;0;0,00%;82;11,26%;28;3,85%;1;0.0014
Generals;2023;04;015;4;15;0827904015;893;608;10;5;593;68,09%;19;3,07%;116;18,77%;0;0,00%;144;23,30%;7;1,13%;1;0,16%;13;2,10%;75;12,14%;118;19,09%;0;0,00%;78;12,62%;22;3,56%;1;0.0017
Generals;2023;04;016;4;16;0827904016;965;664;4;10;650;68,81%;25;3,74%;119;17,81%;2;0,30%;154;23,05%;8;1,20%;0;0,00%;12;1,80%;64;9,58%;152;22,75%;2;0,30%;76;11,38%;36;5,39%;4;0.0062
Generals;2023;04;017;4;17;0827904017;1254;959;9;11;939;76,48%;27;2,79%;163;16,84%;0;0,00%;138;14,26%;11;1,14%;1;0,10%;20;2,07%;90;9,30%;292;30,17%;0;0,00%;153;15,81%;44;4,55%;1;0.0011
Generals;2023;04;018;4;18;0827904018;1935;1352;17;13;1322;69,87%;29;2,12%;204;14,90%;1;0,07%;165;12,05%;18;1,31%;0;0,00%;15;1,10%;133;9,72%;462;33,75%;1;0,07%;200;14,61%;94;6,87%;2;0.0015
Generals;2023;04;019;4;19;0827904019;894;593;7;4;582;66,33%;15;2,50%;63;10,50%;3;0,50%;33;5,50%;8;1,33%;0;0,00%;1;0,17%;76;12,67%;234;39,00%;2;0,33%;92;15,33%;55;9,17%;5;0.0086
Generals;2023;04;020;4;20;0827904020;524;285;5;6;274;54,39%;0;0,00%;22;7,59%;0;0,00%;0;0,00%;11;3,79%;0;0,00%;0;0,00%;33;11,38%;133;45,86%;3;1,03%;36;12,41%;36;12,41%;3;0.0109
Generals;2023;04;021;4;21;0827904021;789;493;5;5;483;62,48%;8;1,61%;40;8,03%;3;0,60%;7;1,41%;6;1,20%;0;0,00%;5;1,00%;42;8,43%;244;49,00%;1;0,20%;76;15,26%;51;10,24%;4;0.0083
Generals;2023;04;022;4;22;0827904022;1723;1132;24;7;1101;65,70%;8;0,69%;109;9,43%;5;0,43%;33;2,85%;13;1,12%;2;0,17%;2;0,17%;135;11,68%;450;38,93%;1;0,09%;187;16,18%;156;13,49%;8;0.0073
Generals;2023;04;023;4;23;0827904023;1714;1217;5;15;1197;71,00%;9;0,74%;113;9,25%;8;0,65%;30;2,45%;21;1,72%;2;0,16%;2;0,16%;134;10,97%;519;42,47%;3;0,25%;212;17,35%;144;11,78%;13;0.0109
Generals;2023;04;024;4;24;0827904024;1858;1233;16;6;1211;66,36%;15;1,20%;115;9,21%;7;0,56%;55;4,40%;12;0,96%;2;0,16%;2;0,16%;177;14,17%;395;31,63%;1;0,08%;238;19,06%;192;15,37%;10;0.0083
Generals;2023;04;025;4;25;0827904025;873;584;6;6;572;66,90%;9;1,53%;44;7,46%;4;0,68%;43;7,29%;1;0,17%;1;0,17%;1;0,17%;79;13,39%;235;39,83%;1;0,17%;108;18,31%;46;7,80%;6;0.0105
Generals;2023;04;026;4;26;0827904026;1136;786;10;9;767;69,19%;23;2,89%;144;18,09%;1;0,13%;138;17,34%;6;0,75%;0;0,00%;8;1,01%;74;9,30%;214;26,88%;1;0,13%;124;15,58%;34;4,27%;2;0.0026
Generals;2023;05;001;5;1;0827905001;1537;1027;13;12;1002;66,82%;14;1,35%;127;12,21%;6;0,58%;70;6,73%;10;0,96%;0;0,00%;7;0,67%;150;14,42%;376;36,15%;2;0,19%;154;14,81%;86;8,27%;8;0.0080
Generals;2023;05;002;5;2;0827905002;1087;718;4;11;703;66,05%;5;0,69%;53;7,34%;4;0,55%;12;1,66%;11;1,52%;1;0,14%;3;0,42%;87;12,05%;303;41,97%;2;0,28%;128;17,73%;94;13,02%;7;0.0100
Generals;2023;05;003;5;3;0827905003;1512;1026;13;6;1007;67,86%;32;3,08%;176;16,94%;5;0,48%;110;10,59%;9;0,87%;0;0,00%;12;1,15%;114;10,97%;308;29,64%;1;0,10%;164;15,78%;76;7,31%;6;0.0060
Generals;2023;05;004;5;4;0827905004;1262;857;6;8;843;67,91%;31;3,59%;136;15,76%;0;0,00%;90;10,43%;8;0,93%;0;0,00%;6;0,70%;80;9,27%;291;33,72%;2;0,23%;149;17,27%;50;5,79%;2;0.0024
Generals;2023;05;005;5;5;0827905005;755;530;9;4;517;70,20%;14;2,60%;109;20,22%;1;0,19%;50;9,28%;4;0,74%;2;0,37%;1;0,19%;43;7,98%;171;31,73%;0;0,00%;95;17,63%;27;5,01%;3;0.0058
Generals;2023;05;006;5;6;0827905006;1557;1079;13;16;1050;69,30%;26;2,38%;206;18,86%;3;0,27%;133;12,18%;15;1,37%;1;0,09%;16;1,47%;117;10,71%;305;27,93%;1;0,09%;156;14,29%;71;6,50%;5;0.0048
Generals;2023;05;007;5;7;0827905007;883;665;4;9;652;75,31%;33;4,93%;105;15,70%;0;0,00%;97;14,50%;5;0,75%;1;0,15%;18;2,69%;67;10,01%;187;27,95%;0;0,00%;108;16,14%;31;4,63%;1;0.0015
Generals;2023;05;008;5;8;0827905008;1457;1038;12;14;1012;71,24%;28;2,67%;158;15,05%;2;0,19%;134;12,76%;12;1,14%;1;0,10%;12;1,14%;118;11,24%;349;33,24%;1;0,10%;144;13,71%;53;5,05%;4;0.0040
Generals;2023;05;009;5;9;0827905009;1336;963;5;12;946;72,08%;16;1,65%;111;11,47%;0;0,00%;82;8,47%;7;0,72%;0;0,00%;4;0,41%;129;13,33%;379;39,15%;2;0,21%;157;16,22%;59;6,10%;2;0.0021
Generals;2023;05;010;5;10;0827905010;969;601;6;2;593;62,02%;4;0,66%;51;8,40%;5;0,82%;22;3,62%;4;0,66%;1;0,16%;0;0,00%;91;14,99%;267;43,99%;5;0,82%;85;14,00%;58;9,56%;11;0.0185
Generals;2023;05;011;5;11;0827905011;1392;963;8;7;948;69,18%;16;1,65%;107;11,02%;1;0,10%;88;9,06%;11;1,13%;3;0,31%;3;0,31%;126;12,98%;350;36,05%;0;0,00%;165;16,99%;78;8,03%;4;0.0042
Generals;2023;05;012;5;12;0827905012;593;381;5;8;368;64,25%;2;0,52%;61;15,80%;2;0,52%;22;5,70%;6;1,55%;1;0,26%;3;0,78%;43;11,14%;138;35,75%;1;0,26%;55;14,25%;34;8,81%;4;0.0109
Generals;2023;05;013;5;13;0827905013;1322;849;14;7;828;64,22%;9;1,04%;70;8,11%;3;0,35%;22;2,55%;20;2,32%;0;0,00%;3;0,35%;111;12,86%;311;36,04%;0;0,00%;150;17,38%;129;14,95%;3;0.0036
Generals;2023;05;014;5;14;0827905014;1421;933;10;5;918;65,66%;5;0,53%;94;9,97%;0;0,00%;37;3,92%;12;1,27%;2;0,21%;4;0,42%;111;11,77%;414;43,90%;0;0,00%;152;16,12%;87;9,23%;2;0.0022
Generals;2023;05;015;5;15;0827905015;709;416;4;4;408;58,67%;10;2,38%;51;12,14%;2;0,48%;14;3,33%;7;1,67%;0;0,00%;1;0,24%;39;9,29%;141;33,57%;4;0,95%;86;20,48%;53;12,62%;6;0.0147
Generals;2023;05;016;5;16;0827905016;1955;1264;17;19;1228;64,65%;16;1,25%;112;8,74%;2;0,16%;38;2,97%;25;1,95%;2;0,16%;5;0,39%;164;12,80%;493;38,49%;2;0,16%;214;16,71%;155;12,10%;6;0.0049
Generals;2023;05;017;5;17;0827905017;1477;1027;11;12;1004;69,53%;14;1,35%;124;11,95%;0;0,00%;62;5,97%;11;1,06%;3;0,29%;10;0,96%;118;11,37%;387;37,28%;1;0,10%;192;18,50%;82;7,90%;4;0.0040
Generals;2023;05;018;5;18;0827905018;971;667;6;3;658;68,69%;8;1,19%;45;6,69%;0;0,00%;16;2,38%;8;1,19%;0;0,00%;9;1,34%;114;16,94%;303;45,02%;1;0,15%;93;13,82%;61;9,06%;1;0.0015
Generals;2023;05;019;5;19;0827905019;1002;663;13;3;647;66,17%;23;3,40%;87;12,87%;2;0,30%;42;6,21%;15;2,22%;1;0,15%;3;0,44%;76;11,24%;201;29,73%;3;0,44%;125;18,49%;69;10,21%;6;0.0093
Generals;2023;05;020;5;20;0827905020;958;665;13;13;639;69,42%;10;1,47%;117;17,26%;3;0,44%;49;7,23%;8;1,18%;1;0,15%;3;0,44%;87;12,83%;209;30,83%;1;0,15%;115;16,96%;36;5,31%;5;0.0078
Generals;2023;05;021;5;21;0827905021;599;438;1;2;435;73,12%;13;2,96%;57;12,98%;0;0,00%;46;10,48%;6;1,37%;0;0,00%;6;1,37%;54;12,30%;150;34,17%;0;0,00%;76;17,31%;27;6,15%;0;0.0000
Generals;2023;05;022;5;22;0827905022;585;373;5;2;366;63,76%;4;1,06%;39;10,32%;1;0,26%;22;5,82%;7;1,85%;0;0,00%;1;0,26%;66;17,46%;136;35,98%;0;0,00%;63;16,67%;27;7,14%;1;0.0027
Generals;2023;05;023;5;23;0827905023;1484;1019;5;8;1006;68,67%;31;3,03%;172;16,80%;2;0,20%;130;12,70%;9;0,88%;0;0,00%;3;0,29%;110;10,74%;328;32,03%;1;0,10%;162;15,82%;58;5,66%;3;0.0030
Generals;2023;05;024;5;24;0827905024;1193;815;8;7;800;68,32%;6;0,73%;114;13,85%;3;0,36%;63;7,65%;16;1,94%;0;0,00%;7;0,85%;98;11,91%;275;33,41%;0;0,00%;149;18,10%;69;8,38%;3;0.0038
Generals;2023;05;025;5;25;0827905025;970;639;8;7;624;65,88%;7;1,08%;68;10,51%;3;0,46%;28;4,33%;11;1,70%;2;0,31%;1;0,15%;77;11,90%;267;41,27%;0;0,00%;104;16,07%;56;8,66%;5;0.0080
Generals;2023;05;026;5;26;0827905026;971;684;5;8;671;70,44%;13;1,89%;96;13,93%;7;1,02%;90;13,06%;10;1,45%;2;0,29%;0;0,00%;88;12,77%;221;32,08%;1;0,15%;104;15,09%;39;5,66%;10;0.0149
Generals;2023;05;027;5;27;0827905027;957;684;4;8;672;71,47%;21;3,05%;92;13,37%;0;0,00%;84;12,21%;6;0,87%;0;0,00%;1;0,15%;82;11,92%;210;30,52%;0;0,00%;131;19,04%;45;6,54%;0;0.0000
Generals;2023;05;028;5;28;0827905028;951;685;7;5;673;72,03%;4;0,58%;59;8,53%;3;0,43%;30;4,34%;12;1,73%;0;0,00%;3;0,43%;108;15,61%;268;38,73%;1;0,14%;125;18,06%;60;8,67%;4;0.0059
Generals;2023;05;029;5;29;0827905029;965;673;7;11;655;69,74%;14;2,06%;67;9,85%;3;0,44%;36;5,29%;11;1,62%;0;0,00%;3;0,44%;72;10,59%;236;34,71%;1;0,15%;130;19,12%;82;12,06%;4;0.0061
Generals;2023;05;030;5;30;0827905030;823;527;1;9;517;64,03%;3;0,57%;29;5,49%;1;0,19%;10;1,89%;8;1,52%;1;0,19%;1;0,19%;74;14,02%;255;48,30%;0;0,00%;64;12,12%;71;13,45%;2;0.0039
Generals;2023;05;031;5;31;0827905031;579;376;6;0;370;64,94%;4;1,05%;14;3,66%;1;0,26%;5;1,31%;8;2,09%;0;0,00%;1;0,26%;58;15,18%;153;40,05%;1;0,26%;68;17,80%;57;14,92%;2;0.0054
Generals;2023;05;032;5;32;0827905032;952;632;1;3;628;66,39%;7;1,11%;55;8,69%;4;0,63%;37;5,85%;12;1,90%;0;0,00%;3;0,47%;89;14,06%;241;38,07%;0;0,00%;121;19,12%;59;9,32%;4;0.0064
Generals;2023;06;001;6;1;0827906001;888;572;9;3;560;64,41%;1;0,17%;46;7,92%;1;0,17%;19;3,27%;3;0,52%;3;0,52%;0;0,00%;70;12,05%;271;46,64%;0;0,00%;70;12,05%;76;13,08%;4;0.0071
Generals;2023;06;002;6;2;0827906002;1230;772;2;4;766;62,76%;8;1,03%;64;8,27%;5;0,65%;34;4,39%;15;1,94%;5;0,65%;2;0,26%;107;13,82%;293;37,86%;0;0,00%;135;17,44%;98;12,66%;10;0.0131
Generals;2023;06;003;6;3;0827906003;1480;920;7;8;905;62,16%;5;0,54%;55;5,93%;4;0,43%;25;2,70%;15;1,62%;3;0,32%;2;0,22%;134;14,46%;413;44,55%;1;0,11%;147;15,86%;101;10,90%;8;0.0088
Generals;2023;06;004;6;4;0827906004;874;477;0;3;474;54,58%;5;1,05%;30;6,29%;4;0,84%;14;2,94%;9;1,89%;4;0,84%;1;0,21%;69;14,47%;204;42,77%;5;1,05%;76;15,93%;53;11,11%;13;0.0274
Generals;2023;06;005;6;5;0827906005;1137;724;9;8;707;63,68%;8;1,09%;61;8,32%;3;0,41%;29;3,96%;10;1,36%;0;0,00%;2;0,27%;87;11,87%;303;41,34%;0;0,00%;105;14,32%;99;13,51%;3;0.0042
Generals;2023;06;006;6;6;0827906006;1210;768;9;9;750;63,47%;1;0,13%;62;7,98%;1;0,13%;14;1,80%;12;1,54%;1;0,13%;1;0,13%;134;17,25%;281;36,16%;0;0,00%;124;15,96%;119;15,32%;2;0.0027
Generals;2023;06;008;6;8;0827906008;1689;1105;6;9;1090;65,42%;32;2,88%;141;12,69%;3;0,27%;85;7,65%;24;2,16%;0;0,00%;8;0,72%;113;10,17%;386;34,74%;3;0,27%;189;17,01%;106;9,54%;6;0.0055
Generals;2023;06;009;6;9;0827906009;895;561;8;4;549;62,68%;3;0,53%;62;10,90%;3;0,53%;18;3,16%;9;1,58%;3;0,53%;0;0,00%;77;13,53%;217;38,14%;1;0,18%;93;16,34%;63;11,07%;7;0.0128
Generals;2023;06;010;6;10;0827906010;1610;1066;7;13;1046;66,21%;7;0,65%;77;7,18%;2;0,19%;29;2,70%;14;1,30%;1;0,09%;5;0,47%;159;14,82%;457;42,59%;0;0,00%;168;15,66%;127;11,84%;3;0.0029
Generals;2023;06;011;6;11;0827906011;1195;688;8;9;671;57,57%;2;0,29%;42;6,03%;2;0,29%;16;2,30%;8;1,15%;1;0,14%;0;0,00%;95;13,65%;270;38,79%;1;0,14%;140;20,11%;94;13,51%;4;0.0060
Generals;2023;06;012;6;12;0827906012;928;581;7;2;572;62,61%;8;1,36%;51;8,67%;4;0,68%;18;3,06%;8;1,36%;1;0,17%;0;0,00%;65;11,05%;262;44,56%;1;0,17%;98;16,67%;56;9,52%;6;0.0105
Generals;2023;06;013;6;13;0827906013;684;433;3;8;422;63,30%;4;0,92%;19;4,36%;0;0,00%;2;0,46%;8;1,83%;2;0,46%;1;0,23%;71;16,28%;199;45,64%;0;0,00%;64;14,68%;52;11,93%;2;0.0047
Generals;2023;06;014;6;14;0827906014;715;386;0;2;384;53,99%;2;0,52%;20;5,18%;4;1,04%;13;3,37%;7;1,81%;0;0,00%;0;0,00%;56;14,51%;174;45,08%;0;0,00%;48;12,44%;60;15,54%;4;0.0104
Generals;2023;06;016;6;16;0827906016;1174;673;5;7;661;57,33%;19;2,80%;56;8,26%;3;0,44%;44;6,49%;4;0,59%;0;0,00%;3;0,44%;82;12,09%;255;37,61%;3;0,44%;107;15,78%;85;12,54%;6;0.0091
Generals;2023;06;018;6;18;0827906018;881;516;5;2;509;58,57%;1;0,19%;26;4,99%;5;0,96%;6;1,15%;4;0,77%;0;0,00%;2;0,38%;65;12,48%;245;47,02%;0;0,00%;80;15,36%;75;14,40%;5;0.0098
Generals;2023;06;020;6;20;0827906020;1067;581;5;8;568;54,45%;5;0,85%;21;3,58%;1;0,17%;14;2,39%;11;1,88%;0;0,00%;1;0,17%;71;12,12%;265;45,22%;2;0,34%;70;11,95%;107;18,26%;3;0.0053
Generals;2023;06;023;6;23;0827906023;1023;617;11;3;603;60,31%;1;0,16%;30;4,78%;0;0,00%;13;2,07%;9;1,43%;0;0,00%;2;0,32%;101;16,08%;247;39,33%;0;0,00%;94;14,97%;106;16,88%;0;0.0000
Generals;2023;06;024;6;24;0827906024;1780;1139;10;18;1111;63,99%;7;0,61%;67;5,83%;6;0,52%;20;1,74%;15;1,31%;0;0,00%;4;0,35%;160;13,93%;458;39,86%;3;0,26%;213;18,54%;158;13,75%;9;0.0081
Generals;2023;06;025;6;25;0827906025;1427;904;6;9;889;63,35%;5;0,55%;72;7,91%;5;0,55%;23;2,53%;15;1,65%;1;0,11%;1;0,11%;96;10,55%;388;42,64%;1;0,11%;162;17,80%;120;13,19%;7;0.0079
Generals;2023;06;026;6;26;0827906026;1220;757;4;4;749;62,05%;5;0,66%;52;6,83%;2;0,26%;12;1,58%;17;2,23%;3;0,39%;1;0,13%;110;14,45%;311;40,87%;2;0,26%;120;15,77%;114;14,98%;7;0.0093
Generals;2023;06;027;6;27;0827906027;938;533;4;8;521;56,82%;2;0,37%;16;2,98%;1;0,19%;7;1,30%;3;0,56%;4;0,74%;0;0,00%;68;12,66%;272;50,65%;2;0,37%;72;13,41%;74;13,78%;7;0.0134
Generals;2023;06;028;6;28;0827906028;1191;809;4;3;802;67,93%;4;0,49%;44;5,41%;4;0,49%;17;2,09%;9;1,11%;1;0,12%;1;0,12%;129;15,87%;349;42,93%;0;0,00%;143;17,59%;101;12,42%;5;0.0062
Generals;2023;06;029;6;29;0827906029;834;534;8;2;524;64,03%;0;0,00%;30;5,54%;3;0,55%;7;1,29%;4;0,74%;0;0,00%;0;0,00%;79;14,58%;224;41,33%;1;0,18%;87;16,05%;89;16,42%;4;0.0076
Generals;2023;06;030;6;30;0827906030;592;399;10;5;384;67,40%;8;1,96%;34;8,31%;0;0,00%;10;2,44%;7;1,71%;1;0,24%;0;0,00%;56;13,69%;144;35,21%;2;0,49%;65;15,89%;57;13,94%;3;0.0078
Generals;2023;06;031;6;31;0827906031;725;404;4;2;398;55,72%;9;2,21%;24;5,88%;1;0,25%;8;1,96%;4;0,98%;0;0,00%;1;0,25%;48;11,76%;175;42,89%;2;0,49%;71;17,40%;55;13,48%;3;0.0075
Generals;2023;06;032;6;32;0827906032;791;506;4;4;498;63,97%;1;0,20%;31;6,08%;1;0,20%;8;1,57%;12;2,35%;1;0,20%;1;0,20%;83;16,27%;167;32,75%;0;0,00%;92;18,04%;101;19,80%;2;0.0040
Generals;2023;06;033;6;33;0827906033;1059;732;6;12;714;69,12%;4;0,54%;82;11,11%;0;0,00%;24;3,25%;14;1,90%;0;0,00%;2;0,27%;104;14,09%;259;35,09%;5;0,68%;129;17,48%;91;12,33%;5;0.0070
Generals;2023;07;001;7;1;0827907001;1017;633;7;8;618;62,24%;8;1,25%;81;12,66%;1;0,16%;43;6,72%;8;1,25%;0;0,00%;11;1,72%;82;12,81%;201;31,41%;0;0,00%;108;16,88%;75;11,72%;1;0.0016
Generals;2023;07;002;7;2;0827907002;1531;939;7;8;924;61,33%;4;0,42%;44;4,65%;2;0,21%;8;0,85%;9;0,95%;3;0,32%;0;0,00%;119;12,58%;445;47,04%;3;0,32%;138;14,59%;149;15,75%;8;0.0087
Generals;2023;07;003;7;3;0827907003;1134;556;6;10;540;49,03%;1;0,18%;12;2,14%;0;0,00%;5;0,89%;7;1,25%;3;0,53%;0;0,00%;84;14,95%;259;46,09%;1;0,18%;59;10,50%;109;19,40%;4;0.0074
Generals;2023;07;004;7;4;0827907004;1866;1187;14;10;1163;63,61%;4;0,33%;101;8,41%;7;0,58%;21;1,75%;15;1,25%;2;0,17%;4;0,33%;245;20,40%;412;34,30%;3;0,25%;154;12,82%;195;16,24%;12;0.0103
Generals;2023;07;005;7;5;0827907005;1107;752;21;5;726;67,93%;15;1,94%;97;12,55%;3;0,39%;49;6,34%;13;1,68%;2;0,26%;1;0,13%;85;11,00%;269;34,80%;2;0,26%;107;13,84%;83;10,74%;7;0.0096
