Elecció;Any;Districte;Secció;NUM_ELECTORS;NUM_VOTANTS;VOTS_BLANCS;VOTS_NULS;VOTS_CANDIDATURES;Participació;PSC;% PSC;CiU / Junts;% CiU / Junts;ERC;% ERC;PP;% PP;ICV / Comuns;% ICV / Comuns;Cs;% Cs;CUP;% CUP;VOX;% VOX;PxC;% PxC;Reagrupament;% Reagrupament;SI;% SI;Aliança;% Aliança;PACMA;% PACMA;Unió;% Unió;JxSí;% JxSí;Altres;% Altres
Parlament;2010;1;1;1012;807;20;3;784;81.72;43;5.33%;513;63.57%;55;6.82%;55;6.82%;27;3.35%;12;1.49%;;;;;4;0.50%;12;1.49%;42;5.20%;;;;;;;;;21;2.60%
Parlament;2010;1;2;1104;769;16;2;751;71.11;42;5.46%;404;52.54%;86;11.18%;66;8.58%;51;6.63%;11;1.43%;;;;;10;1.30%;17;2.21%;42;5.46%;;;;;;;;;22;2.86%
Parlament;2010;1;4;1291;949;28;2;919;75.68;78;8.22%;494;52.05%;83;8.75%;82;8.64%;59;6.22%;22;2.32%;;;;;6;0.63%;20;2.11%;46;4.85%;;;;;;;;;29;3.06%
Parlament;2010;1;5;917;695;12;4;679;77.1;59;8.49%;379;54.53%;52;7.48%;60;8.63%;43;6.19%;9;1.29%;;;;;5;0.72%;21;3.02%;34;4.89%;;;;;;;;;17;2.45%
Parlament;2010;1;6;1181;888;13;4;871;76.29;56;6.31%;505;56.87%;63;7.09%;89;10.02%;49;5.52%;11;1.24%;;;;;4;0.45%;15;1.69%;41;4.62%;;;;;;;;;38;4.28%
Parlament;2010;1;7;1214;861;22;4;835;72.73;62;7.20%;465;54.01%;70;8.13%;67;7.78%;52;6.04%;22;2.56%;;;;;8;0.93%;12;1.39%;47;5.46%;;;;;;;;;30;3.48%
Parlament;2010;1;8;1652;1230;18;10;1202;75.54;69;5.61%;715;58.13%;85;6.91%;115;9.35%;66;5.37%;23;1.87%;;;;;6;0.49%;18;1.46%;71;5.77%;;;;;;;;;34;2.76%
Parlament;2010;1;9;849;613;15;2;596;73.97;23;3.75%;340;55.46%;50;8.16%;47;7.67%;56;9.14%;9;1.47%;;;;;4;0.65%;17;2.77%;39;6.36%;;;;;;;;;11;1.79%
Parlament;2010;1;10;918;664;19;1;644;74.4;69;10.39%;330;49.70%;76;11.45%;35;5.27%;50;7.53%;18;2.71%;;;;;6;0.90%;19;2.86%;25;3.77%;;;;;;;;;16;2.41%
Parlament;2010;1;11;926;557;27;3;527;63.07;118;21.18%;215;38.60%;30;5.39%;48;8.62%;36;6.46%;36;6.46%;;;;;7;1.26%;3;0.54%;18;3.23%;;;;;;;;;16;2.87%
Parlament;2010;1;12;1062;643;19;5;619;62.34;93;14.46%;253;39.35%;64;9.95%;57;8.86%;71;11.04%;27;4.20%;;;;;12;1.87%;5;0.78%;21;3.27%;;;;;;;;;16;2.49%
Parlament;2010;1;13;624;369;12;0;357;61.06;89;24.12%;107;29.00%;21;5.69%;55;14.91%;39;10.57%;22;5.96%;;;;;5;1.36%;2;0.54%;2;0.54%;;;;;;;;;15;4.07%
Parlament;2010;1;14;1589;906;26;2;878;58.65;224;24.72%;288;31.79%;40;4.42%;127;14.02%;67;7.40%;47;5.19%;;;;;26;2.87%;11;1.21%;18;1.99%;;;;;;;;;30;3.31%
Parlament;2010;1;15;911;589;21;4;564;66.96;122;20.71%;215;36.50%;53;9.00%;38;6.45%;61;10.36%;22;3.74%;;;;;7;1.19%;8;1.36%;18;3.06%;;;;;;;;;20;3.40%
Parlament;2010;1;16;1752;1178;32;5;1141;69.06;177;15.03%;508;43.12%;98;8.32%;109;9.25%;86;7.30%;27;2.29%;;;;;20;1.70%;32;2.72%;42;3.57%;;;;;;;;;42;3.57%
Parlament;2010;1;17;1642;1192;34;10;1148;74.67;122;10.23%;604;50.67%;105;8.81%;82;6.88%;91;7.63%;19;1.59%;;;;;15;1.26%;20;1.68%;55;4.61%;;;;;;;;;35;2.94%
Parlament;2010;1;18;423;302;9;3;290;73.52;26;8.61%;161;53.31%;25;8.28%;17;5.63%;18;5.96%;8;2.65%;;;;;4;1.32%;4;1.32%;16;5.30%;;;;;;;;;11;3.64%
Parlament;2010;1;19;1018;645;19;10;616;65.23;117;18.14%;236;36.59%;35;5.43%;83;12.87%;62;9.61%;17;2.64%;;;;;20;3.10%;5;0.78%;23;3.57%;;;;;;;;;18;2.79%
Parlament;2010;1;20;919;679;20;0;659;76.06;95;13.99%;301;44.33%;58;8.54%;69;10.16%;44;6.48%;29;4.27%;;;;;3;0.44%;13;1.91%;24;3.53%;;;;;;;;;23;3.39%
Parlament;2010;1;21;1028;681;25;1;655;68.68;110;16.15%;296;43.47%;48;7.05%;58;8.52%;51;7.49%;35;5.14%;;;;;17;2.50%;8;1.17%;19;2.79%;;;;;;;;;13;1.91%
Parlament;2010;1;22;1273;866;23;2;841;69.84;104;12.01%;441;50.92%;84;9.70%;78;9.01%;42;4.85%;16;1.85%;;;;;6;0.69%;18;2.08%;33;3.81%;;;;;;;;;19;2.19%
Parlament;2010;1;23;910;672;27;4;641;76.81;64;9.52%;312;46.43%;52;7.74%;75;11.16%;40;5.95%;29;4.32%;;;;;14;2.08%;12;1.79%;23;3.42%;;;;;;;;;20;2.98%
Parlament;2010;1;24;611;478;10;2;466;79.87;30;6.28%;269;56.28%;41;8.58%;41;8.58%;30;6.28%;8;1.67%;;;;;2;0.42%;11;2.30%;23;4.81%;;;;;;;;;11;2.30%
Parlament;2010;2;1;1042;595;22;3;570;59.21;201;33.78%;114;19.16%;24;4.03%;101;16.97%;46;7.73%;21;3.53%;;;;;29;4.87%;1;0.17%;11;1.85%;;;;;;;;;22;3.70%
Parlament;2010;2;2;506;244;11;0;233;50.4;99;40.57%;42;17.21%;6;2.46%;40;16.39%;14;5.74%;3;1.23%;;;;;6;2.46%;0;0.00%;3;1.23%;;;;;;;;;20;8.20%
Parlament;2010;2;3;501;247;5;3;239;50.3;95;38.46%;64;25.91%;7;2.83%;43;17.41%;8;3.24%;3;1.21%;;;;;15;6.07%;2;0.81%;0;0.00%;;;;;;;;;2;0.81%
Parlament;2010;2;4;734;388;12;3;373;54.5;144;37.11%;78;20.10%;6;1.55%;57;14.69%;30;7.73%;17;4.38%;;;;;31;7.99%;0;0.00%;0;0.00%;;;;;;;;;10;2.58%
Parlament;2010;2;5;762;410;7;6;397;54.72;125;30.49%;109;26.59%;9;2.20%;62;15.12%;22;5.37%;20;4.88%;;;;;36;8.78%;0;0.00%;2;0.49%;;;;;;;;;12;2.93%
Parlament;2010;2;6;691;406;13;5;388;60.64;105;25.86%;110;27.09%;12;2.96%;63;15.52%;33;8.13%;20;4.93%;;;;;25;6.16%;0;0.00%;8;1.97%;;;;;;;;;12;2.96%
Parlament;2010;2;7;308;153;10;0;143;52.92;37;24.18%;33;21.57%;5;3.27%;35;22.88%;13;8.50%;6;3.92%;;;;;6;3.92%;0;0.00%;2;1.31%;;;;;;;;;6;3.92%
Parlament;2010;2;8;723;377;13;1;363;53.94;119;31.56%;107;28.38%;9;2.39%;37;9.81%;32;8.49%;19;5.04%;;;;;32;8.49%;1;0.27%;1;0.27%;;;;;;;;;6;1.59%
Parlament;2010;2;9;560;290;5;0;285;52.68;106;36.55%;69;23.79%;12;4.14%;35;12.07%;22;7.59%;19;6.55%;;;;;10;3.45%;2;0.69%;3;1.03%;;;;;;;;;7;2.41%
Parlament;2010;2;10;454;260;4;2;254;58.15;71;27.31%;70;26.92%;8;3.08%;38;14.62%;28;10.77%;9;3.46%;;;;;11;4.23%;0;0.00%;2;0.77%;;;;;;;;;17;6.54%
Parlament;2010;2;11;853;422;7;2;413;50.29;118;27.96%;117;27.73%;12;2.84%;64;15.17%;26;6.16%;25;5.92%;;;;;30;7.11%;0;0.00%;3;0.71%;;;;;;;;;18;4.27%
Parlament;2010;2;12;631;298;12;2;284;49.13;75;25.17%;94;31.54%;6;2.01%;39;13.09%;22;7.38%;2;0.67%;;;;;19;6.38%;1;0.34%;2;0.67%;;;;;;;;;24;8.05%
Parlament;2010;2;14;1362;689;16;3;670;51.76;134;19.45%;199;28.88%;32;4.64%;102;14.80%;64;9.29%;55;7.98%;;;;;41;5.95%;2;0.29%;17;2.47%;;;;;;;;;24;3.48%
Parlament;2010;2;15;642;280;2;3;275;43.93;62;22.14%;158;56.43%;9;3.21%;6;2.14%;13;4.64%;4;1.43%;;;;;17;6.07%;0;0.00%;3;1.07%;;;;;;;;;3;1.07%
Parlament;2010;2;16;1116;579;18;0;561;53.49;91;15.72%;163;28.15%;31;5.35%;63;10.88%;73;12.61%;48;8.29%;;;;;45;7.77%;6;1.04%;11;1.90%;;;;;;;;;30;5.18%
Parlament;2010;2;17;813;374;2;1;371;46.25;90;24.06%;114;30.48%;8;2.14%;36;9.63%;39;10.43%;19;5.08%;;;;;43;11.50%;0;0.00%;1;0.27%;;;;;;;;;21;5.61%
Parlament;2010;3;1;1324;791;14;4;773;60.8;148;18.71%;324;40.96%;42;5.31%;86;10.87%;65;8.22%;40;5.06%;;;;;16;2.02%;14;1.77%;23;2.91%;;;;;;;;;15;1.90%
Parlament;2010;3;2;973;625;18;1;606;66.08;103;16.48%;252;40.32%;44;7.04%;76;12.16%;56;8.96%;24;3.84%;;;;;12;1.92%;7;1.12%;8;1.28%;;;;;;;;;24;3.84%
Parlament;2010;3;3;1155;602;15;2;585;53.42;145;24.09%;196;32.56%;36;5.98%;80;13.29%;51;8.47%;23;3.82%;;;;;24;3.99%;3;0.50%;4;0.66%;;;;;;;;;23;3.82%
Parlament;2010;3;4;911;447;13;3;431;50.49;116;25.95%;141;31.54%;27;6.04%;61;13.65%;34;7.61%;19;4.25%;;;;;12;2.68%;3;0.67%;3;0.67%;;;;;;;;;15;3.36%
Parlament;2010;3;5;1363;807;29;0;778;61.34;123;15.24%;355;43.99%;69;8.55%;51;6.32%;63;7.81%;22;2.73%;;;;;23;2.85%;4;0.50%;35;4.34%;;;;;;;;;33;4.09%
Parlament;2010;3;6;1387;884;35;4;845;66.26;113;12.78%;411;46.49%;60;6.79%;64;7.24%;54;6.11%;43;4.86%;;;;;21;2.38%;5;0.57%;44;4.98%;;;;;;;;;30;3.39%
Parlament;2010;3;7;1495;952;21;7;924;65.08;107;11.24%;450;47.27%;80;8.40%;55;5.78%;96;10.08%;42;4.41%;;;;;30;3.15%;11;1.16%;22;2.31%;;;;;;;;;31;3.26%
Parlament;2010;3;8;1210;547;5;4;538;45.62;224;40.95%;107;19.56%;10;1.83%;86;15.72%;49;8.96%;13;2.38%;;;;;29;5.30%;0;0.00%;1;0.18%;;;;;;;;;19;3.47%
Parlament;2010;3;9;1782;1065;43;3;1019;62.18;185;17.37%;404;37.93%;61;5.73%;48;4.51%;107;10.05%;55;5.16%;;;;;23;2.16%;63;5.92%;28;2.63%;;;;;;;;;45;4.23%
Parlament;2010;3;10;1545;665;13;2;650;43.88;210;31.58%;157;23.61%;20;3.01%;103;15.49%;65;9.77%;26;3.91%;;;;;28;4.21%;4;0.60%;2;0.30%;;;;;;;;;35;5.26%
Parlament;2010;3;11;1104;433;10;2;421;40.13;129;29.79%;88;20.32%;7;1.62%;75;17.32%;24;5.54%;29;6.70%;;;;;42;9.70%;1;0.23%;11;2.54%;;;;;;;;;15;3.46%
Parlament;2010;3;12;1701;915;24;5;886;55.2;242;26.45%;224;24.48%;36;3.93%;199;21.75%;45;4.92%;73;7.98%;;;;;39;4.26%;0;0.00%;1;0.11%;;;;;;;;;27;2.95%
Parlament;2010;3;13;401;203;6;0;197;52.12;58;28.57%;61;30.05%;6;2.96%;20;9.85%;15;7.39%;8;3.94%;;;;;17;8.37%;2;0.99%;3;1.48%;;;;;;;;;7;3.45%
Parlament;2010;3;14;1099;564;25;4;535;53.59;149;26.42%;148;26.24%;39;6.91%;83;14.72%;40;7.09%;8;1.42%;;;;;30;5.32%;4;0.71%;10;1.77%;;;;;;;;;24;4.26%
Parlament;2010;3;15;844;491;12;1;478;59.6;108;22.00%;164;33.40%;25;5.09%;63;12.83%;58;11.81%;17;3.46%;;;;;22;4.48%;3;0.61%;3;0.61%;;;;;;;;;15;3.05%
Parlament;2010;3;16;596;344;11;1;332;59.56;127;36.92%;68;19.77%;8;2.33%;51;14.83%;15;4.36%;22;6.40%;;;;;23;6.69%;0;0.00%;0;0.00%;;;;;;;;;18;5.23%
Parlament;2010;3;17;857;431;11;5;415;51.58;145;33.64%;91;21.11%;19;4.41%;73;16.94%;24;5.57%;22;5.10%;;;;;16;3.71%;1;0.23%;6;1.39%;;;;;;;;;18;4.18%
Parlament;2010;3;18;766;418;12;2;404;56.14;110;26.32%;98;23.44%;10;2.39%;77;18.42%;31;7.42%;24;5.74%;;;;;27;6.46%;1;0.24%;6;1.44%;;;;;;;;;20;4.78%
Parlament;2010;3;19;932;499;13;1;485;54.94;176;35.27%;119;23.85%;13;2.61%;65;13.03%;34;6.81%;24;4.81%;;;;;26;5.21%;6;1.20%;6;1.20%;;;;;;;;;16;3.21%
Parlament;2010;3;20;1194;659;32;1;626;57.87;141;21.40%;225;34.14%;42;6.37%;75;11.38%;57;8.65%;25;3.79%;;;;;31;4.70%;8;1.21%;11;1.67%;;;;;;;;;11;1.67%
Parlament;2010;4;1;1025;727;23;3;701;73.17;48;6.60%;403;55.43%;54;7.43%;55;7.57%;55;7.57%;17;2.34%;;;;;13;1.79%;10;1.38%;20;2.75%;;;;;;;;;26;3.58%
Parlament;2010;4;2;1115;747;14;2;731;68.25;77;10.31%;430;57.56%;55;7.36%;41;5.49%;37;4.95%;12;1.61%;;;;;5;0.67%;16;2.14%;41;5.49%;;;;;;;;;17;2.28%
Parlament;2010;4;3;1204;809;19;3;787;68.77;97;11.99%;370;45.74%;61;7.54%;75;9.27%;76;9.39%;12;1.48%;;;;;28;3.46%;15;1.85%;29;3.58%;;;;;;;;;24;2.97%
Parlament;2010;4;4;1097;711;22;16;673;66.82;144;20.25%;279;39.24%;45;6.33%;76;10.69%;42;5.91%;13;1.83%;;;;;18;2.53%;10;1.41%;23;3.23%;;;;;;;;;23;3.23%
Parlament;2010;4;5;1146;646;27;2;617;58.73;87;13.47%;271;41.95%;43;6.66%;50;7.74%;54;8.36%;32;4.95%;;;;;17;2.63%;18;2.79%;23;3.56%;;;;;;;;;22;3.41%
Parlament;2010;4;6;1351;804;27;5;772;61.51;188;23.38%;245;30.47%;31;3.86%;105;13.06%;62;7.71%;50;6.22%;;;;;20;2.49%;5;0.62%;24;2.99%;;;;;;;;;42;5.22%
Parlament;2010;4;7;1733;893;26;7;860;53.03;230;25.76%;239;26.76%;47;5.26%;105;11.76%;75;8.40%;41;4.59%;;;;;38;4.26%;14;1.57%;25;2.80%;;;;;;;;;46;5.15%
Parlament;2010;4;8;837;492;15;9;468;60.57;94;19.11%;165;33.54%;19;3.86%;74;15.04%;45;9.15%;23;4.67%;;;;;23;4.67%;4;0.81%;3;0.61%;;;;;;;;;18;3.66%
Parlament;2010;4;9;757;372;7;1;364;50.07;108;29.03%;94;25.27%;8;2.15%;65;17.47%;27;7.26%;19;5.11%;;;;;21;5.65%;0;0.00%;4;1.08%;;;;;;;;;18;4.84%
Parlament;2010;4;10;456;237;3;3;231;52.63;93;39.24%;44;18.57%;11;4.64%;27;11.39%;28;11.81%;10;4.22%;;;;;6;2.53%;2;0.84%;0;0.00%;;;;;;;;;10;4.22%
Parlament;2010;4;11;569;289;12;1;276;52.9;87;30.10%;89;30.80%;12;4.15%;18;6.23%;29;10.03%;11;3.81%;;;;;15;5.19%;4;1.38%;5;1.73%;;;;;;;;;6;2.08%
Parlament;2010;4;12;963;592;16;6;570;63.14;133;22.47%;203;34.29%;34;5.74%;51;8.61%;76;12.84%;19;3.21%;;;;;14;2.36%;8;1.35%;14;2.36%;;;;;;;;;18;3.04%
Parlament;2010;4;13;1197;780;21;2;757;66.92;125;16.03%;349;44.74%;58;7.44%;48;6.15%;57;7.31%;23;2.95%;;;;;21;2.69%;23;2.95%;26;3.33%;;;;;;;;;27;3.46%
Parlament;2010;4;14;952;711;17;2;692;76.47;69;9.70%;398;55.98%;52;7.31%;53;7.45%;30;4.22%;17;2.39%;;;;;5;0.70%;13;1.83%;39;5.49%;;;;;;;;;16;2.25%
Parlament;2010;4;15;824;596;13;0;583;73.91;39;6.54%;374;62.75%;38;6.38%;47;7.89%;28;4.70%;3;0.50%;;;;;9;1.51%;6;1.01%;25;4.19%;;;;;;;;;14;2.35%
Parlament;2010;4;16;914;687;14;5;668;76.7;43;6.26%;396;57.64%;34;4.95%;65;9.46%;51;7.42%;12;1.75%;;;;;3;0.44%;17;2.47%;22;3.20%;;;;;;;;;25;3.64%
Parlament;2010;4;17;1032;766;25;5;736;76.65;91;11.88%;377;49.22%;59;7.70%;65;8.49%;51;6.66%;23;3.00%;;;;;9;1.17%;14;1.83%;29;3.79%;;;;;;;;;18;2.35%
Parlament;2010;4;18;1563;1049;42;6;1001;69.8;162;15.44%;458;43.66%;72;6.86%;90;8.58%;79;7.53%;34;3.24%;;;;;27;2.57%;22;2.10%;29;2.76%;;;;;;;;;28;2.67%
Parlament;2010;4;19;907;516;25;4;487;59.65;103;19.96%;168;32.56%;28;5.43%;63;12.21%;40;7.75%;31;6.01%;;;;;13;2.52%;4;0.78%;13;2.52%;;;;;;;;;24;4.65%
Parlament;2010;4;20;527;249;4;6;239;48.01;104;41.77%;48;19.28%;7;2.81%;29;11.65%;12;4.82%;5;2.01%;;;;;23;9.24%;0;0.00%;0;0.00%;;;;;;;;;11;4.42%
Parlament;2010;4;21;780;426;9;2;415;55.77;142;33.33%;96;22.54%;16;3.76%;70;16.43%;33;7.75%;12;2.82%;;;;;30;7.04%;0;0.00%;9;2.11%;;;;;;;;;7;1.64%
Parlament;2010;4;22;1588;858;13;3;842;54.85;147;17.13%;269;31.35%;38;4.43%;88;10.26%;99;11.54%;37;4.31%;;;;;14;1.63%;74;8.62%;7;0.82%;;;;;;;;;69;8.04%
Parlament;2010;4;23;1526;880;28;5;847;59.5;186;21.14%;290;32.95%;30;3.41%;118;13.41%;99;11.25%;55;6.25%;;;;;30;3.41%;4;0.45%;8;0.91%;;;;;;;;;27;3.07%
Parlament;2010;4;24;1410;714;18;0;696;51.91;154;21.57%;226;31.65%;24;3.36%;131;18.35%;52;7.28%;50;7.00%;;;;;25;3.50%;7;0.98%;4;0.56%;;;;;;;;;23;3.22%
Parlament;2010;4;25;920;552;22;3;527;62.39;122;22.10%;183;33.15%;26;4.71%;69;12.50%;39;7.07%;36;6.52%;;;;;16;2.90%;12;2.17%;10;1.81%;;;;;;;;;14;2.54%
Parlament;2010;4;26;1013;724;11;1;712;72.56;66;9.12%;402;55.52%;56;7.73%;58;8.01%;56;7.73%;13;1.80%;;;;;3;0.41%;15;2.07%;30;4.14%;;;;;;;;;13;1.80%
Parlament;2010;5;1;1424;858;36;2;820;62.78;162;18.88%;327;38.11%;48;5.59%;101;11.77%;62;7.23%;42;4.90%;;;;;24;2.80%;16;1.86%;16;1.86%;;;;;;;;;22;2.56%
Parlament;2010;5;2;1128;566;10;5;551;51.06;160;28.27%;137;24.20%;26;4.59%;90;15.90%;54;9.54%;31;5.48%;;;;;24;4.24%;0;0.00%;10;1.77%;;;;;;;;;19;3.36%
Parlament;2010;5;3;1381;849;21;6;822;63;117;13.78%;416;49.00%;59;6.95%;79;9.31%;58;6.83%;24;2.83%;;;;;15;1.77%;12;1.41%;21;2.47%;;;;;;;;;21;2.47%
Parlament;2010;5;4;1103;723;24;3;696;67.72;129;17.84%;302;41.77%;66;9.13%;62;8.58%;50;6.92%;23;3.18%;;;;;10;1.38%;15;2.07%;12;1.66%;;;;;;;;;27;3.73%
Parlament;2010;5;5;766;492;15;2;475;66.19;71;14.43%;195;39.63%;41;8.33%;42;8.54%;53;10.77%;12;2.44%;;;;;23;4.67%;8;1.63%;24;4.88%;;;;;;;;;6;1.22%
Parlament;2010;5;6;1571;1078;37;7;1034;70.97;151;14.01%;489;45.36%;86;7.98%;84;7.79%;88;8.16%;41;3.80%;;;;;30;2.78%;24;2.23%;17;1.58%;;;;;;;;;24;2.23%
Parlament;2010;5;7;848;600;20;1;579;73.11;81;13.50%;260;43.33%;59;9.83%;50;8.33%;54;9.00%;20;3.33%;;;;;5;0.83%;10;1.67%;23;3.83%;;;;;;;;;17;2.83%
Parlament;2010;5;8;1383;859;33;7;819;64.5;133;15.48%;385;44.82%;77;8.96%;67;7.80%;70;8.15%;27;3.14%;;;;;11;1.28%;14;1.63%;24;2.79%;;;;;;;;;11;1.28%
Parlament;2010;5;9;1316;849;24;2;823;66.34;167;19.67%;327;38.52%;45;5.30%;115;13.55%;78;9.19%;30;3.53%;;;;;18;2.12%;5;0.59%;18;2.12%;;;;;;;;;20;2.36%
Parlament;2010;5;10;1460;782;17;2;763;54.73;270;34.53%;190;24.30%;25;3.20%;98;12.53%;73;9.34%;27;3.45%;;;;;28;3.58%;5;0.64%;10;1.28%;;;;;;;;;37;4.73%
Parlament;2010;5;11;1407;894;32;1;861;65.81;175;19.57%;316;35.35%;57;6.38%;131;14.65%;72;8.05%;29;3.24%;;;;;20;2.24%;9;1.01%;22;2.46%;;;;;;;;;30;3.36%
Parlament;2010;5;12;592;329;8;0;321;56.93;96;29.18%;113;34.35%;12;3.65%;34;10.33%;31;9.42%;6;1.82%;;;;;14;4.26%;1;0.30%;3;0.91%;;;;;;;;;11;3.34%
Parlament;2010;5;13;1008;493;15;1;477;50.4;138;27.99%;144;29.21%;24;4.87%;48;9.74%;44;8.92%;29;5.88%;;;;;32;6.49%;0;0.00%;3;0.61%;;;;;;;;;15;3.04%
Parlament;2010;5;14;1573;947;36;6;905;62.49;237;25.03%;295;31.15%;40;4.22%;115;12.14%;91;9.61%;32;3.38%;;;;;33;3.48%;6;0.63%;13;1.37%;;;;;;;;;43;4.54%
Parlament;2010;5;15;1520;707;18;1;688;47.7;215;30.41%;168;23.76%;34;4.81%;79;11.17%;82;11.60%;45;6.36%;;;;;27;3.82%;5;0.71%;8;1.13%;;;;;;;;;25;3.54%
Parlament;2010;5;16;1718;840;22;7;811;50.17;228;27.14%;270;32.14%;38;4.52%;110;13.10%;56;6.67%;39;4.64%;;;;;21;2.50%;3;0.36%;14;1.67%;;;;;;;;;32;3.81%
Parlament;2010;5;17;1261;753;27;2;724;61.86;135;17.93%;267;35.46%;52;6.91%;79;10.49%;77;10.23%;54;7.17%;;;;;25;3.32%;3;0.40%;14;1.86%;;;;;;;;;18;2.39%
Parlament;2010;5;18;1008;623;20;6;597;63.79;183;29.37%;151;24.24%;13;2.09%;116;18.62%;50;8.03%;35;5.62%;;;;;17;2.73%;4;0.64%;6;0.96%;;;;;;;;;22;3.53%
Parlament;2010;5;19;765;407;15;2;390;55.16;58;14.25%;172;42.26%;22;5.41%;22;5.41%;37;9.09%;34;8.35%;;;;;17;4.18%;3;0.74%;14;3.44%;;;;;;;;;11;2.70%
Parlament;2010;5;20;1169;700;22;2;676;61.76;112;16.00%;296;42.29%;51;7.29%;58;8.29%;63;9.00%;18;2.57%;;;;;10;1.43%;19;2.71%;21;3.00%;;;;;;;;;28;4.00%
Parlament;2010;5;21;1358;802;24;2;776;60.82;177;22.07%;266;33.17%;60;7.48%;114;14.21%;56;6.98%;35;4.36%;;;;;22;2.74%;10;1.25%;11;1.37%;;;;;;;;;25;3.12%
Parlament;2010;5;22;531;306;8;2;296;59.13;67;21.90%;93;30.39%;16;5.23%;35;11.44%;32;10.46%;16;5.23%;;;;;17;5.56%;4;1.31%;6;1.96%;;;;;;;;;10;3.27%
Parlament;2010;5;23;1170;764;28;6;730;67.69;91;11.91%;386;50.52%;72;9.42%;51;6.68%;49;6.41%;22;2.88%;;;;;6;0.79%;16;2.09%;21;2.75%;;;;;;;;;16;2.09%
Parlament;2010;5;24;1087;663;19;0;644;62.74;126;19.00%;238;35.90%;40;6.03%;78;11.76%;68;10.26%;39;5.88%;;;;;13;1.96%;4;0.60%;19;2.87%;;;;;;;;;19;2.87%
Parlament;2010;5;25;856;508;12;4;492;60.75;110;21.65%;191;37.60%;24;4.72%;59;11.61%;39;7.68%;32;6.30%;;;;;12;2.36%;0;0.00%;4;0.79%;;;;;;;;;21;4.13%
Parlament;2010;5;26;1001;715;32;6;677;74.63;117;16.36%;310;43.36%;45;6.29%;58;8.11%;63;8.81%;34;4.76%;;;;;7;0.98%;11;1.54%;15;2.10%;;;;;;;;;17;2.38%
Parlament;2010;5;27;923;636;28;2;606;71.94;102;16.04%;251;39.47%;40;6.29%;57;8.96%;53;8.33%;27;4.25%;;;;;14;2.20%;17;2.67%;16;2.52%;;;;;;;;;29;4.56%
Parlament;2010;5;28;872;567;21;4;542;67.43;131;23.10%;187;32.98%;31;5.47%;64;11.29%;46;8.11%;35;6.17%;;;;;13;2.29%;5;0.88%;10;1.76%;;;;;;;;;20;3.53%
Parlament;2010;5;29;849;539;9;4;526;64.55;109;20.22%;167;30.98%;26;4.82%;64;11.87%;53;9.83%;37;6.86%;;;;;28;5.19%;4;0.74%;10;1.86%;;;;;;;;;28;5.19%
Parlament;2010;6;1;843;491;8;1;482;59.19;195;39.71%;114;23.22%;13;2.65%;62;12.63%;34;6.92%;15;3.05%;;;;;14;2.85%;3;0.61%;6;1.22%;;;;;;;;;26;5.30%
Parlament;2010;6;2;1092;606;11;3;592;56.5;171;28.22%;175;28.88%;27;4.46%;87;14.36%;47;7.76%;20;3.30%;;;;;36;5.94%;8;1.32%;5;0.83%;;;;;;;;;16;2.64%
Parlament;2010;6;3;1438;755;14;6;735;53.48;184;24.37%;226;29.93%;25;3.31%;127;16.82%;77;10.20%;33;4.37%;;;;;39;5.17%;3;0.40%;2;0.26%;;;;;;;;;19;2.52%
Parlament;2010;6;4;877;460;10;0;450;53.59;125;27.17%;105;22.83%;10;2.17%;87;18.91%;36;7.83%;23;5.00%;;;;;34;7.39%;1;0.22%;13;2.83%;;;;;;;;;16;3.48%
Parlament;2010;6;5;1039;523;15;1;507;51.78;148;28.30%;141;26.96%;25;4.78%;69;13.19%;54;10.33%;21;4.02%;;;;;25;4.78%;1;0.19%;7;1.34%;;;;;;;;;16;3.06%
Parlament;2010;6;6;1113;555;13;8;534;51.03;115;20.72%;152;27.39%;18;3.24%;87;15.68%;49;8.83%;44;7.93%;;;;;36;6.49%;1;0.18%;6;1.08%;;;;;;;;;26;4.68%
Parlament;2010;6;8;1557;919;38;6;875;61.46;165;17.95%;364;39.61%;60;6.53%;90;9.79%;67;7.29%;32;3.48%;;;;;33;3.59%;16;1.74%;12;1.31%;;;;;;;;;36;3.92%
Parlament;2010;6;9;842;455;14;0;441;55.7;133;29.23%;123;27.03%;32;7.03%;54;11.87%;32;7.03%;24;5.27%;;;;;17;3.74%;1;0.22%;4;0.88%;;;;;;;;;21;4.62%
Parlament;2010;6;10;1523;918;22;5;891;61.72;269;29.30%;246;26.80%;30;3.27%;114;12.42%;74;8.06%;71;7.73%;;;;;40;4.36%;4;0.44%;8;0.87%;;;;;;;;;35;3.81%
Parlament;2010;6;11;1328;600;11;6;583;46.01;175;29.17%;143;23.83%;17;2.83%;110;18.33%;52;8.67%;33;5.50%;;;;;19;3.17%;2;0.33%;7;1.17%;;;;;;;;;25;4.17%
Parlament;2010;6;12;985;490;22;2;466;51.98;136;27.76%;129;26.33%;24;4.90%;69;14.08%;53;10.82%;13;2.65%;;;;;9;1.84%;3;0.61%;9;1.84%;;;;;;;;;21;4.29%
Parlament;2010;6;13;675;389;20;1;368;60.59;146;37.53%;73;18.77%;6;1.54%;54;13.88%;50;12.85%;15;3.86%;;;;;13;3.34%;0;0.00%;2;0.51%;;;;;;;;;9;2.31%
Parlament;2010;6;14;685;331;9;1;321;49.64;115;34.74%;71;21.45%;10;3.02%;58;17.52%;19;5.74%;18;5.44%;;;;;15;4.53%;1;0.30%;3;0.91%;;;;;;;;;11;3.32%
Parlament;2010;6;16;1145;500;19;0;481;45.33;109;21.80%;171;34.20%;15;3.00%;68;13.60%;56;11.20%;15;3.00%;;;;;19;3.80%;5;1.00%;5;1.00%;;;;;;;;;18;3.60%
Parlament;2010;6;18;491;265;5;0;260;54.99;103;38.87%;52;19.62%;9;3.40%;32;12.08%;28;10.57%;10;3.77%;;;;;16;6.04%;1;0.38%;4;1.51%;;;;;;;;;5;1.89%
Parlament;2010;6;19;452;240;9;0;231;55.09;88;36.67%;58;24.17%;4;1.67%;26;10.83%;15;6.25%;12;5.00%;;;;;19;7.92%;1;0.42%;1;0.42%;;;;;;;;;7;2.92%
Parlament;2010;6;20;454;208;4;0;204;46.7;63;30.29%;49;23.56%;6;2.88%;34;16.35%;21;10.10%;13;6.25%;;;;;8;3.85%;0;0.00%;3;1.44%;;;;;;;;;7;3.37%
Parlament;2010;6;21;690;303;5;1;297;44.64;89;29.37%;76;25.08%;10;3.30%;41;13.53%;30;9.90%;8;2.64%;;;;;26;8.58%;0;0.00%;3;0.99%;;;;;;;;;14;4.62%
Parlament;2010;6;23;932;460;17;0;443;51.18;120;26.09%;130;28.26%;14;3.04%;79;17.17%;41;8.91%;23;5.00%;;;;;17;3.70%;0;0.00%;8;1.74%;;;;;;;;;11;2.39%
Parlament;2010;6;24;1804;870;21;1;848;49.39;205;23.56%;247;28.39%;24;2.76%;120;13.79%;86;9.89%;46;5.29%;;;;;72;8.28%;4;0.46%;9;1.03%;;;;;;;;;35;4.02%
Parlament;2010;6;25;1391;710;8;12;690;51.62;211;29.72%;187;26.34%;43;6.06%;93;13.10%;63;8.87%;23;3.24%;;;;;34;4.79%;1;0.14%;11;1.55%;;;;;;;;;24;3.38%
Parlament;2010;6;26;1244;583;14;1;568;47.99;174;29.85%;141;24.19%;21;3.60%;75;12.86%;64;10.98%;27;4.63%;;;;;47;8.06%;1;0.17%;8;1.37%;;;;;;;;;10;1.72%
Parlament;2010;6;27;981;430;5;1;424;44.34;144;33.49%;98;22.79%;13;3.02%;63;14.65%;41;9.53%;21;4.88%;;;;;26;6.05%;0;0.00%;1;0.23%;;;;;;;;;17;3.95%
Parlament;2010;6;28;1162;630;16;0;614;55.59;142;22.54%;186;29.52%;16;2.54%;109;17.30%;68;10.79%;35;5.56%;;;;;35;5.56%;1;0.16%;3;0.48%;;;;;;;;;19;3.02%
Parlament;2010;6;29;769;346;26;1;319;48.37;74;21.39%;79;22.83%;11;3.18%;59;17.05%;26;7.51%;25;7.23%;;;;;27;7.80%;1;0.29%;4;1.16%;;;;;;;;;13;3.76%
Parlament;2010;6;30;551;259;10;0;249;48.82;45;17.37%;88;33.98%;9;3.47%;36;13.90%;26;10.04%;18;6.95%;;;;;16;6.18%;0;0.00%;2;0.77%;;;;;;;;;9;3.47%
Parlament;2010;6;31;774;319;5;2;312;41.86;91;28.53%;75;23.51%;16;5.02%;38;11.91%;30;9.40%;23;7.21%;;;;;13;4.08%;0;0.00%;9;2.82%;;;;;;;;;17;5.33%
Parlament;2010;6;32;533;235;6;0;229;45.22;42;17.87%;68;28.94%;9;3.83%;38;16.17%;25;10.64%;14;5.96%;;;;;23;9.79%;0;0.00%;1;0.43%;;;;;;;;;9;3.83%
Parlament;2010;6;33;961;554;26;0;528;60.35;68;12.27%;193;34.84%;26;4.69%;69;12.45%;45;8.12%;47;8.48%;;;;;40;7.22%;2;0.36%;13;2.35%;;;;;;;;;25;4.51%
Parlament;2012;1;1;1040;881;6;7;868;84.71%;35;3.97%;529;;122;;64;;43;;28;;15;;;;2;;;;;;;;1;;;;;;29;3.29%
Parlament;2012;1;2;1082;826;10;1;815;76.34%;33;4.00%;416;;164;;81;;39;;25;;31;;;;4;;;;;;;;2;;;;;;20;2.42%
Parlament;2012;1;4;1395;1130;7;6;1117;81.00%;96;8.50%;503;;212;;81;;90;;45;;43;;;;3;;;;;;;;0;;;;;;44;3.89%
Parlament;2012;1;5;939;753;12;2;739;80.19%;62;8.23%;352;;124;;76;;52;;31;;27;;;;3;;;;;;;;2;;;;;;10;1.33%
Parlament;2012;1;6;1178;964;6;3;955;81.83%;46;4.77%;489;;162;;110;;54;;34;;24;;;;8;;;;;;;;0;;;;;;28;2.90%
Parlament;2012;1;7;1280;998;12;8;978;77.97%;89;8.92%;483;;163;;110;;48;;19;;34;;;;8;;;;;;;;1;;;;;;23;2.30%
Parlament;2012;1;8;1762;1458;14;10;1434;82.75%;87;5.97%;771;;194;;121;;105;;57;;45;;;;3;;;;;;;;8;;;;;;43;2.95%
Parlament;2012;1;9;906;722;11;4;707;79.69%;21;2.91%;369;;149;;60;;41;;20;;25;;;;4;;;;;;;;0;;;;;;18;2.49%
Parlament;2012;1;10;947;768;6;0;762;81.10%;72;9.38%;322;;167;;43;;58;;27;;28;;;;9;;;;;;;;4;;;;;;32;4.17%
Parlament;2012;1;11;906;670;9;4;657;73.95%;150;22.39%;159;;85;;58;;73;;76;;20;;;;1;;;;;;;;3;;;;;;32;4.78%
Parlament;2012;1;12;1072;751;8;3;740;70.06%;119;15.85%;221;;118;;63;;92;;56;;26;;;;10;;;;;;;;4;;;;;;31;4.13%
Parlament;2012;1;13;626;438;9;3;426;69.97%;124;28.31%;56;;40;;67;;66;;37;;7;;;;12;;;;;;;;2;;;;;;15;3.42%
Parlament;2012;1;14;1552;1066;15;9;1042;68.69%;312;29.27%;177;;108;;127;;96;;114;;18;;;;34;;;;;;;;12;;;;;;44;4.13%
Parlament;2012;1;15;950;690;11;4;675;72.63%;161;23.33%;177;;106;;61;;74;;39;;15;;;;10;;;;;;;;9;;;;;;23;3.33%
Parlament;2012;1;16;1777;1380;23;6;1351;77.66%;215;15.58%;521;;216;;118;;101;;87;;41;;;;19;;;;;;;;3;;;;;;30;2.17%
Parlament;2012;1;17;1655;1314;12;2;1300;79.40%;139;10.58%;633;;223;;90;;99;;40;;32;;;;8;;;;;;;;0;;;;;;36;2.74%
Parlament;2012;1;18;423;340;5;1;334;80.38%;36;10.59%;150;;57;;24;;19;;16;;15;;;;4;;;;;;;;0;;;;;;13;3.82%
Parlament;2012;1;19;1117;866;16;1;849;77.53%;185;21.36%;183;;116;;111;;102;;65;;28;;;;14;;;;;;;;4;;;;;;41;4.73%
Parlament;2012;1;20;954;782;13;6;763;81.97%;91;11.64%;275;;158;;86;;64;;48;;15;;;;4;;;;;;;;1;;;;;;21;2.69%
Parlament;2012;1;21;1045;780;6;6;768;74.64%;152;19.49%;233;;104;;78;;86;;66;;20;;;;6;;;;;;;;2;;;;;;21;2.69%
Parlament;2012;1;22;1330;1036;19;3;1014;77.89%;93;8.98%;408;;174;;104;;88;;64;;29;;;;9;;;;;;;;7;;;;;;38;3.67%
Parlament;2012;1;23;922;794;12;2;780;86.12%;93;11.71%;276;;136;;82;;83;;61;;17;;;;7;;;;;;;;1;;;;;;24;3.02%
Parlament;2012;1;24;617;527;4;3;520;85.41%;31;5.88%;277;;86;;34;;40;;15;;17;;;;2;;;;;;;;3;;;;;;15;2.85%
Parlament;2012;2;1;1058;710;13;2;695;67.11%;254;35.77%;93;;50;;108;;75;;63;;8;;;;22;;;;;;;;0;;;;;;22;3.10%
Parlament;2012;2;2;546;310;5;3;302;56.78%;123;39.68%;37;;12;;44;;27;;19;;5;;;;26;;;;;;;;3;;;;;;6;1.94%
Parlament;2012;2;3;480;294;6;1;287;61.25%;118;40.14%;22;;28;;48;;17;;23;;2;;;;15;;;;;;;;2;;;;;;12;4.08%
Parlament;2012;2;4;724;460;7;2;451;63.54%;180;39.13%;43;;8;;72;;36;;66;;5;;;;33;;;;;;;;0;;;;;;8;1.74%
Parlament;2012;2;5;802;519;19;3;497;64.71%;172;33.14%;76;;26;;75;;43;;50;;8;;;;32;;;;;;;;1;;;;;;14;2.70%
Parlament;2012;2;6;696;479;10;4;465;68.82%;161;33.61%;68;;34;;59;;53;;44;;10;;;;22;;;;;;;;3;;;;;;11;2.30%
Parlament;2012;2;7;318;206;0;0;206;64.78%;64;31.07%;20;;11;;59;;19;;18;;0;;;;9;;;;;;;;2;;;;;;4;1.94%
Parlament;2012;2;8;699;450;5;1;444;64.38%;150;33.33%;31;;21;;53;;58;;59;;7;;;;40;;;;;;;;6;;;;;;19;4.22%
Parlament;2012;2;9;574;373;5;4;364;64.98%;144;38.61%;32;;28;;41;;44;;34;;3;;;;20;;;;;;;;3;;;;;;15;4.02%
Parlament;2012;2;10;472;324;3;2;319;68.64%;107;33.02%;46;;24;;43;;41;;28;;4;;;;18;;;;;;;;3;;;;;;5;1.54%
Parlament;2012;2;11;804;489;8;5;476;60.82%;141;28.83%;44;;21;;73;;57;;87;;1;;;;28;;;;;;;;1;;;;;;23;4.70%
Parlament;2012;2;12;622;366;9;1;356;58.84%;144;39.34%;52;;17;;36;;32;;31;;2;;;;25;;;;;;;;3;;;;;;14;3.83%
Parlament;2012;2;14;1389;895;18;7;870;64.43%;205;22.91%;126;;82;;75;;118;;157;;13;;;;59;;;;;;;;4;;;;;;31;3.46%
Parlament;2012;2;15;642;302;4;1;297;47.04%;115;38.08%;31;;14;;45;;18;;25;;2;;;;35;;;;;;;;0;;;;;;12;3.97%
Parlament;2012;2;16;1223;800;19;5;776;65.41%;167;20.88%;102;;90;;49;;125;;117;;20;;;;44;;;;;;;;11;;;;;;51;6.38%
Parlament;2012;2;17;1007;588;15;7;566;58.39%;198;33.67%;60;;43;;40;;59;;86;;12;;;;40;;;;;;;;11;;;;;;17;2.89%
Parlament;2012;3;1;1328;958;12;7;939;72.14%;203;21.19%;274;;102;;87;;87;;107;;20;;;;19;;;;;;;;5;;;;;;35;3.65%
Parlament;2012;3;2;1005;736;13;0;723;73.23%;167;22.69%;175;;92;;70;;75;;71;;17;;;;14;;;;;;;;8;;;;;;34;4.62%
Parlament;2012;3;3;1144;756;11;8;737;66.08%;216;28.57%;142;;54;;92;;91;;72;;12;;;;37;;;;;;;;5;;;;;;16;2.12%
Parlament;2012;3;4;875;547;6;5;536;62.51%;150;27.42%;90;;49;;63;;68;;63;;22;;;;13;;;;;;;;0;;;;;;18;3.29%
Parlament;2012;3;5;1447;1010;20;8;982;69.80%;197;19.50%;314;;164;;69;;102;;42;;35;;;;10;;;;;;;;10;;;;;;39;3.86%
Parlament;2012;3;6;1371;1040;10;8;1022;75.86%;134;12.88%;387;;167;;92;;91;;65;;30;;;;16;;;;;;;;3;;;;;;37;3.56%
Parlament;2012;3;7;1541;1161;10;12;1139;75.34%;159;13.70%;388;;182;;92;;127;;83;;33;;;;22;;;;;;;;9;;;;;;44;3.79%
Parlament;2012;3;8;1207;762;7;7;748;63.13%;344;45.14%;56;;25;;79;;75;;88;;9;;;;34;;;;;;;;5;;;;;;33;4.33%
Parlament;2012;3;9;1888;1360;22;17;1321;72.03%;275;20.22%;324;;160;;110;;173;;152;;32;;;;27;;;;;;;;6;;;;;;62;4.56%
Parlament;2012;3;10;1537;965;10;10;945;62.78%;372;38.55%;46;;39;;152;;110;;150;;14;;;;37;;;;;;;;2;;;;;;23;2.38%
Parlament;2012;3;11;1115;568;13;1;554;50.94%;220;38.73%;44;;26;;73;;62;;85;;4;;;;18;;;;;;;;5;;;;;;17;2.99%
Parlament;2012;3;12;1714;1143;14;11;1118;66.69%;334;29.22%;127;;64;;239;;103;;184;;7;;;;17;;;;;;;;8;;;;;;35;3.06%
Parlament;2012;3;13;435;271;3;1;267;62.30%;96;35.42%;41;;19;;21;;35;;38;;2;;;;7;;;;;;;;0;;;;;;8;2.95%
Parlament;2012;3;14;1103;648;3;5;640;58.75%;213;32.87%;86;;69;;81;;57;;55;;24;;;;32;;;;;;;;6;;;;;;17;2.62%
Parlament;2012;3;15;908;647;6;4;637;71.26%;164;25.35%;139;;55;;93;;77;;65;;9;;;;15;;;;;;;;5;;;;;;15;2.32%
Parlament;2012;3;16;616;412;2;7;403;66.88%;187;45.39%;21;;15;;71;;34;;46;;2;;;;18;;;;;;;;1;;;;;;8;1.94%
Parlament;2012;3;17;864;527;11;7;509;61.00%;199;37.76%;37;;25;;78;;58;;80;;4;;;;12;;;;;;;;4;;;;;;12;2.28%
Parlament;2012;3;18;776;535;13;8;514;68.94%;176;32.90%;44;;22;;67;;57;;77;;7;;;;47;;;;;;;;5;;;;;;12;2.24%
Parlament;2012;3;19;927;596;8;2;586;64.29%;233;39.09%;52;;32;;108;;50;;55;;10;;;;24;;;;;;;;5;;;;;;17;2.85%
Parlament;2012;3;20;1208;795;11;4;780;65.81%;190;23.90%;180;;78;;93;;101;;58;;22;;;;20;;;;;;;;9;;;;;;29;3.65%
Parlament;2012;4;1;1062;835;20;3;812;78.63%;62;7.43%;418;;116;;76;;68;;28;;26;;;;4;;;;;;;;3;;;;;;11;1.32%
Parlament;2012;4;2;1106;867;10;3;854;78.39%;70;8.07%;459;;132;;52;;56;;24;;27;;;;3;;;;;;;;1;;;;;;30;3.46%
Parlament;2012;4;3;1213;904;12;4;888;74.53%;126;13.94%;343;;153;;81;;73;;35;;12;;;;20;;;;;;;;5;;;;;;40;4.42%
Parlament;2012;4;4;1094;815;7;11;797;74.50%;155;19.02%;264;;101;;82;;76;;34;;19;;;;15;;;;;;;;4;;;;;;47;5.77%
Parlament;2012;4;5;1195;796;4;5;787;66.61%;146;18.34%;249;;104;;53;;89;;63;;22;;;;18;;;;;;;;5;;;;;;38;4.77%
Parlament;2012;4;6;1388;1003;18;11;974;72.26%;274;27.32%;172;;85;;108;;107;;108;;36;;;;32;;;;;;;;5;;;;;;47;4.69%
Parlament;2012;4;7;1887;1196;13;7;1176;63.38%;336;28.09%;215;;133;;123;;117;;141;;22;;;;36;;;;;;;;8;;;;;;45;3.76%
Parlament;2012;4;8;907;594;13;9;572;65.49%;148;24.92%;96;;44;;71;;94;;57;;10;;;;17;;;;;;;;4;;;;;;31;5.22%
Parlament;2012;4;9;757;449;10;2;437;59.31%;147;32.74%;43;;24;;62;;56;;51;;3;;;;34;;;;;;;;1;;;;;;16;3.56%
Parlament;2012;4;10;457;286;9;5;272;62.58%;121;42.31%;22;;16;;38;;35;;20;;6;;;;9;;;;;;;;0;;;;;;5;1.75%
Parlament;2012;4;11;550;373;5;2;366;67.82%;147;39.41%;53;;31;;36;;38;;25;;7;;;;17;;;;;;;;4;;;;;;8;2.14%
Parlament;2012;4;12;961;691;17;6;668;71.90%;162;23.44%;144;;89;;61;;113;;52;;16;;;;10;;;;;;;;1;;;;;;20;2.89%
Parlament;2012;4;13;1192;882;12;11;859;73.99%;162;18.37%;295;;149;;55;;81;;44;;20;;;;11;;;;;;;;5;;;;;;37;4.20%
Parlament;2012;4;14;914;759;6;3;750;83.04%;57;7.51%;363;;132;;81;;42;;22;;20;;;;0;;;;;;;;4;;;;;;29;3.82%
Parlament;2012;4;15;830;651;10;2;639;78.43%;36;5.53%;354;;105;;54;;39;;12;;15;;;;2;;;;;;;;6;;;;;;16;2.46%
Parlament;2012;4;16;930;759;6;3;750;81.61%;47;6.19%;389;;114;;75;;45;;31;;20;;;;5;;;;;;;;5;;;;;;19;2.50%
Parlament;2012;4;17;1060;857;11;7;839;80.85%;86;10.04%;389;;137;;71;;60;;44;;21;;;;7;;;;;;;;2;;;;;;22;2.57%
Parlament;2012;4;18;1555;1178;11;7;1160;75.76%;183;15.53%;422;;191;;101;;103;;75;;30;;;;17;;;;;;;;6;;;;;;32;2.72%
Parlament;2012;4;19;908;620;20;11;589;68.28%;137;22.10%;125;;54;;72;;76;;68;;11;;;;15;;;;;;;;4;;;;;;27;4.35%
Parlament;2012;4;20;521;295;3;2;290;56.62%;155;52.54%;19;;15;;27;;27;;11;;1;;;;22;;;;;;;;2;;;;;;11;3.73%
Parlament;2012;4;21;776;489;5;4;480;63.02%;197;40.29%;56;;40;;52;;45;;43;;5;;;;18;;;;;;;;2;;;;;;22;4.50%
Parlament;2012;4;22;1572;1064;17;3;1044;67.68%;269;25.28%;159;;94;;101;;143;;150;;23;;;;58;;;;;;;;12;;;;;;35;3.29%
Parlament;2012;4;23;1509;1030;22;14;994;68.26%;270;26.21%;144;;96;;117;;135;;148;;19;;;;28;;;;;;;;6;;;;;;31;3.01%
Parlament;2012;4;24;1470;945;15;9;921;64.29%;244;25.82%;145;;74;;121;;97;;161;;10;;;;27;;;;;;;;6;;;;;;36;3.81%
Parlament;2012;4;25;928;647;6;2;639;69.72%;153;23.65%;168;;71;;63;;68;;68;;6;;;;14;;;;;;;;0;;;;;;28;4.33%
Parlament;2012;4;26;1039;815;16;2;797;78.44%;80;9.82%;404;;117;;52;;57;;31;;21;;;;5;;;;;;;;1;;;;;;29;3.56%
Parlament;2012;5;1;1481;1038;15;11;1012;70.09%;214;20.62%;253;;119;;120;;106;;115;;21;;;;23;;;;;;;;6;;;;;;35;3.37%
Parlament;2012;5;2;1109;712;4;13;695;64.20%;249;34.97%;78;;44;;85;;75;;100;;9;;;;27;;;;;;;;8;;;;;;20;2.81%
Parlament;2012;5;3;1431;1003;10;4;989;70.09%;148;14.76%;380;;145;;95;;83;;67;;26;;;;15;;;;;;;;6;;;;;;24;2.39%
Parlament;2012;5;4;1127;859;7;9;843;76.22%;161;18.74%;261;;134;;69;;82;;60;;33;;;;13;;;;;;;;2;;;;;;28;3.26%
Parlament;2012;5;5;760;509;8;2;499;66.97%;63;12.38%;166;;107;;61;;44;;24;;8;;;;14;;;;;;;;2;;;;;;10;1.96%
Parlament;2012;5;6;1551;1198;17;6;1175;77.24%;154;12.85%;453;;184;;98;;112;;80;;33;;;;19;;;;;;;;4;;;;;;38;3.17%
Parlament;2012;5;7;864;699;7;0;692;80.90%;87;12.45%;243;;116;;46;;71;;53;;33;;;;7;;;;;;;;3;;;;;;33;4.72%
Parlament;2012;5;8;1388;1053;10;8;1035;75.86%;173;16.43%;363;;162;;92;;91;;64;;37;;;;15;;;;;;;;7;;;;;;31;2.94%
Parlament;2012;5;9;1331;996;8;7;981;74.83%;231;23.19%;272;;103;;116;;123;;86;;19;;;;10;;;;;;;;4;;;;;;17;1.71%
Parlament;2012;5;10;1452;1016;14;1;1001;69.97%;418;41.14%;118;;52;;138;;115;;86;;9;;;;28;;;;;;;;10;;;;;;27;2.66%
Parlament;2012;5;11;1486;1117;10;14;1093;75.17%;264;23.63%;252;;122;;128;;127;;112;;27;;;;12;;;;;;;;5;;;;;;44;3.94%
Parlament;2012;5;12;584;404;2;1;401;69.18%;121;29.95%;75;;35;;39;;52;;37;;10;;;;14;;;;;;;;2;;;;;;16;3.96%
Parlament;2012;5;13;1015;634;5;18;611;62.46%;215;33.91%;94;;43;;71;;68;;63;;8;;;;37;;;;;;;;4;;;;;;8;1.26%
Parlament;2012;5;14;1575;1113;20;6;1087;70.67%;349;31.36%;143;;106;;138;;129;;123;;21;;;;23;;;;;;;;6;;;;;;49;4.40%
Parlament;2012;5;15;1481;931;11;11;909;62.86%;316;33.94%;122;;71;;103;;119;;82;;25;;;;36;;;;;;;;5;;;;;;30;3.22%
Parlament;2012;5;16;1717;1154;25;5;1124;67.21%;370;32.06%;177;;101;;146;;115;;113;;16;;;;41;;;;;;;;10;;;;;;35;3.03%
Parlament;2012;5;17;1253;904;13;8;883;72.15%;204;22.57%;194;;102;;73;;107;;135;;13;;;;17;;;;;;;;4;;;;;;34;3.76%
Parlament;2012;5;18;986;708;14;2;692;71.81%;237;33.47%;85;;40;;111;;79;;85;;10;;;;16;;;;;;;;7;;;;;;22;3.11%
Parlament;2012;5;19;821;578;8;1;569;70.40%;103;17.82%;140;;72;;49;;75;;75;;10;;;;15;;;;;;;;5;;;;;;25;4.33%
Parlament;2012;5;20;1175;856;11;14;831;72.85%;126;14.72%;245;;139;;60;;104;;67;;29;;;;19;;;;;;;;1;;;;;;41;4.79%
Parlament;2012;5;21;1383;1021;12;7;1002;73.83%;265;25.95%;225;;110;;111;;107;;95;;22;;;;27;;;;;;;;7;;;;;;33;3.23%
Parlament;2012;5;22;536;379;4;2;373;70.71%;98;25.86%;72;;42;;52;;46;;32;;15;;;;5;;;;;;;;3;;;;;;8;2.11%
Parlament;2012;5;23;1223;919;14;4;901;75.14%;108;11.75%;353;;168;;65;;95;;58;;23;;;;5;;;;;;;;3;;;;;;23;2.50%
Parlament;2012;5;24;1128;815;13;11;791;72.25%;173;21.23%;211;;85;;81;;89;;102;;16;;;;16;;;;;;;;3;;;;;;15;1.84%
Parlament;2012;5;25;856;614;14;4;596;71.73%;179;29.15%;122;;44;;59;;57;;81;;13;;;;19;;;;;;;;1;;;;;;21;3.42%
Parlament;2012;5;26;1003;767;8;6;753;76.47%;128;16.69%;243;;126;;79;;80;;56;;15;;;;6;;;;;;;;2;;;;;;18;2.35%
Parlament;2012;5;27;949;719;22;3;694;75.76%;115;15.99%;219;;99;;60;;82;;57;;18;;;;13;;;;;;;;6;;;;;;25;3.48%
Parlament;2012;5;28;887;648;7;8;633;73.06%;191;29.48%;96;;40;;58;;92;;97;;11;;;;16;;;;;;;;5;;;;;;27;4.17%
Parlament;2012;5;29;879;638;10;3;625;72.58%;134;21.00%;118;;75;;53;;89;;80;;15;;;;27;;;;;;;;10;;;;;;24;3.76%
Parlament;2012;6;1;866;629;8;6;615;72.63%;273;43.40%;76;;33;;68;;58;;60;;9;;;;20;;;;;;;;10;;;;;;8;1.27%
Parlament;2012;6;2;1138;719;7;6;706;63.18%;212;29.49%;141;;59;;77;;71;;81;;13;;;;23;;;;;;;;4;;;;;;25;3.48%
Parlament;2012;6;3;1457;970;18;7;945;66.58%;301;31.03%;134;;64;;130;;105;;117;;13;;;;38;;;;;;;;11;;;;;;32;3.30%
Parlament;2012;6;4;873;536;9;3;524;61.40%;151;28.17%;76;;41;;85;;46;;63;;6;;;;29;;;;;;;;7;;;;;;20;3.73%
Parlament;2012;6;5;1061;692;16;2;674;65.22%;199;28.76%;98;;59;;84;;93;;74;;14;;;;26;;;;;;;;4;;;;;;23;3.32%
Parlament;2012;6;6;1103;735;14;8;713;66.64%;207;28.16%;78;;46;;95;;89;;124;;17;;;;37;;;;;;;;2;;;;;;18;2.45%
Parlament;2012;6;8;1600;1119;8;5;1106;69.94%;223;19.93%;300;;164;;90;;133;;90;;37;;;;23;;;;;;;;11;;;;;;35;3.13%
Parlament;2012;6;9;855;595;16;4;575;69.59%;200;33.61%;94;;45;;53;;68;;68;;9;;;;11;;;;;;;;3;;;;;;24;4.03%
Parlament;2012;6;10;1527;1063;16;6;1041;69.61%;341;32.08%;138;;97;;115;;109;;72;;15;;;;48;;;;;;;;4;;;;;;102;9.60%
Parlament;2012;6;11;1296;708;10;6;692;54.63%;238;33.62%;66;;49;;103;;75;;76;;12;;;;32;;;;;;;;3;;;;;;38;5.37%
Parlament;2012;6;12;957;636;11;3;622;66.46%;210;33.02%;89;;63;;94;;68;;60;;13;;;;6;;;;;;;;1;;;;;;18;2.83%
Parlament;2012;6;13;664;456;3;3;450;68.67%;171;37.50%;29;;23;;58;;80;;49;;3;;;;22;;;;;;;;3;;;;;;12;2.63%
Parlament;2012;6;14;666;393;5;5;383;59.01%;133;33.84%;39;;22;;68;;45;;39;;5;;;;24;;;;;;;;2;;;;;;6;1.53%
Parlament;2012;6;16;1153;647;13;5;629;56.11%;182;28.13%;107;;38;;74;;70;;62;;21;;;;40;;;;;;;;2;;;;;;33;5.10%
Parlament;2012;6;18;492;286;5;3;278;58.13%;104;36.36%;22;;18;;39;;38;;30;;0;;;;19;;;;;;;;0;;;;;;8;2.80%
Parlament;2012;6;19;443;274;6;2;266;61.85%;118;43.07%;25;;20;;37;;21;;18;;3;;;;14;;;;;;;;2;;;;;;8;2.92%
Parlament;2012;6;20;439;258;1;3;254;58.77%;90;34.88%;18;;7;;42;;26;;36;;8;;;;16;;;;;;;;0;;;;;;11;4.26%
Parlament;2012;6;21;669;365;7;2;356;54.56%;122;33.42%;36;;23;;46;;50;;31;;2;;;;33;;;;;;;;5;;;;;;8;2.19%
Parlament;2012;6;23;957;603;6;8;589;63.01%;208;34.49%;67;;19;;68;;58;;30;;2;;;;14;;;;;;;;6;;;;;;117;19.40%
Parlament;2012;6;24;1752;1204;22;8;1174;68.72%;372;30.90%;123;;65;;149;;148;;162;;19;;;;69;;;;;;;;11;;;;;;56;4.65%
Parlament;2012;6;25;1409;921;13;6;902;65.37%;381;41.37%;86;;65;;83;;108;;107;;14;;;;27;;;;;;;;7;;;;;;24;2.61%
Parlament;2012;6;26;1218;765;13;5;747;62.81%;254;33.20%;83;;33;;71;;101;;82;;13;;;;63;;;;;;;;7;;;;;;40;5.23%
Parlament;2012;6;27;988;610;8;6;596;61.74%;265;43.44%;40;;31;;61;;69;;64;;5;;;;32;;;;;;;;8;;;;;;21;3.44%
Parlament;2012;6;28;1178;777;15;1;761;65.96%;260;33.46%;71;;50;;95;;108;;108;;15;;;;27;;;;;;;;3;;;;;;24;3.09%
Parlament;2012;6;29;772;488;13;2;473;63.21%;159;32.58%;30;;14;;59;;83;;78;;6;;;;24;;;;;;;;7;;;;;;13;2.66%
Parlament;2012;6;30;539;345;10;3;332;64.01%;90;26.09%;32;;32;;32;;42;;66;;4;;;;19;;;;;;;;3;;;;;;12;3.48%
Parlament;2012;6;31;782;455;13;1;441;58.18%;158;34.73%;40;;36;;39;;67;;51;;11;;;;22;;;;;;;;0;;;;;;17;3.74%
Parlament;2012;6;32;552;357;5;5;347;64.67%;92;25.77%;44;;28;;39;;37;;68;;4;;;;22;;;;;;;;3;;;;;;10;2.80%
Parlament;2012;6;33;965;698;11;7;680;72.33%;136;19.48%;119;;70;;50;;90;;139;;12;;;;24;;;;;;;;2;;;;;;38;5.44%
Parlament;2015;1;1;1042;902;3;1;898;86.56%;34;3.77%;;;;;39;4.32%;17;1.88%;74;8.20%;71;7.87%;;;;;;;;;;;2;0.22%;31;3.44%;629;69.73%;1;0.10%
Parlament;2015;1;2;1095;890;4;1;885;81.28%;33;3.71%;;;;;61;6.85%;36;4.04%;64;7.19%;87;9.78%;;;;;;;;;;;2;0.22%;30;3.37%;568;63.82%;4;0.37%
Parlament;2015;1;4;1530;1299;3;1;1295;84.90%;75;5.77%;;;;;60;4.62%;65;5.00%;128;9.85%;162;12.47%;;;;;;;;;;;3;0.23%;36;2.77%;763;58.74%;3;0.20%
Parlament;2015;1;5;995;848;2;2;844;85.23%;47;5.54%;;;;;47;5.54%;46;5.42%;91;10.73%;96;11.32%;;;;;;;;;;;1;0.12%;28;3.30%;487;57.43%;1;0.10%
Parlament;2015;1;6;1180;1014;4;4;1006;85.93%;43;4.24%;;;;;74;7.30%;37;3.65%;94;9.27%;85;8.38%;;;;;;;;;;;1;0.10%;36;3.55%;636;62.72%;0;0.00%
Parlament;2015;1;7;1336;1111;4;3;1104;83.16%;51;4.59%;;;;;86;7.74%;33;2.97%;122;10.98%;91;8.19%;;;;;;;;;;;9;0.81%;45;4.05%;664;59.77%;3;0.22%
Parlament;2015;1;8;1836;1555;5;5;1545;84.69%;94;6.05%;;;;;85;5.47%;59;3.79%;147;9.45%;146;9.39%;;;;;;;;;;;8;0.51%;55;3.54%;949;61.03%;2;0.11%
Parlament;2015;1;9;1031;848;3;2;843;82.25%;22;2.59%;;;;;48;5.66%;24;2.83%;74;8.73%;92;10.85%;;;;;;;;;;;2;0.24%;35;4.13%;544;64.15%;2;0.19%
Parlament;2015;1;10;951;820;6;0;814;86.23%;58;7.07%;;;;;28;3.41%;47;5.73%;81;9.88%;80;9.76%;;;;;;;;;;;4;0.49%;28;3.41%;484;59.02%;4;0.42%
Parlament;2015;1;11;916;739;8;2;729;80.68%;116;15.70%;;;;;45;6.09%;83;11.23%;126;17.05%;79;10.69%;;;;;;;;;;;7;0.95%;18;2.44%;247;33.42%;8;0.87%
Parlament;2015;1;12;1112;887;6;0;881;79.77%;98;11.05%;;;;;44;4.96%;107;12.06%;157;17.70%;96;10.82%;;;;;;;;;;;5;0.56%;15;1.69%;355;40.02%;4;0.36%
Parlament;2015;1;13;625;491;7;1;483;78.56%;102;20.77%;;;;;30;6.11%;53;10.79%;153;31.16%;22;4.48%;;;;;;;;;;;1;0.20%;8;1.63%;110;22.40%;4;0.64%
Parlament;2015;1;14;1581;1188;3;6;1179;75.14%;193;16.25%;;;;;125;10.52%;126;10.61%;288;24.24%;76;6.40%;;;;;;;;;;;15;1.26%;22;1.85%;327;27.53%;7;0.44%
Parlament;2015;1;15;888;706;2;2;702;79.50%;113;16.01%;;;;;45;6.37%;72;10.20%;134;18.98%;42;5.95%;;;;;;;;;;;8;1.13%;10;1.42%;273;38.67%;5;0.56%
Parlament;2015;1;16;1852;1529;11;4;1514;82.56%;158;10.33%;;;;;82;5.36%;92;6.02%;229;14.98%;128;8.37%;;;;;;;;;;;17;1.11%;29;1.90%;773;50.56%;6;0.32%
Parlament;2015;1;17;1662;1390;6;1;1383;83.63%;116;8.35%;;;;;66;4.75%;74;5.32%;124;8.92%;122;8.78%;;;;;;;;;;;3;0.22%;23;1.65%;852;61.29%;3;0.18%
Parlament;2015;1;18;430;375;4;1;370;87.21%;19;5.07%;;;;;22;5.87%;21;5.60%;44;11.73%;43;11.47%;;;;;;;;;;;0;0.00%;12;3.20%;209;55.73%;0;0.00%
Parlament;2015;1;19;1117;906;1;4;901;81.11%;128;14.13%;;;;;67;7.40%;82;9.05%;193;21.30%;85;9.38%;;;;;;;;;;;10;1.10%;26;2.87%;304;33.55%;6;0.54%
Parlament;2015;1;20;1014;873;4;2;867;86.09%;85;9.74%;;;;;53;6.07%;53;6.07%;127;14.55%;67;7.67%;;;;;;;;;;;2;0.23%;17;1.95%;462;52.92%;1;0.10%
Parlament;2015;1;21;1080;869;9;2;858;80.46%;100;11.51%;;;;;60;6.90%;65;7.48%;179;20.60%;70;8.06%;;;;;;;;;;;11;1.27%;15;1.73%;357;41.08%;1;0.09%
Parlament;2015;1;22;1398;1187;5;8;1174;84.91%;91;7.67%;;;;;64;5.39%;72;6.07%;172;14.49%;103;8.68%;;;;;;;;;;;2;0.17%;45;3.79%;619;52.15%;6;0.43%
Parlament;2015;1;23;953;852;2;5;845;89.40%;85;9.98%;;;;;58;6.81%;43;5.05%;139;16.31%;83;9.74%;;;;;;;;;;;5;0.59%;27;3.17%;401;47.07%;4;0.42%
Parlament;2015;1;24;634;564;1;0;563;88.96%;12;2.13%;;;;;25;4.43%;30;5.32%;45;7.98%;61;10.82%;;;;;;;;;;;2;0.35%;22;3.90%;364;64.54%;2;0.32%
Parlament;2015;2;1;1067;768;5;3;760;71.98%;184;23.96%;;;;;101;13.15%;100;13.02%;174;22.66%;30;3.91%;;;;;;;;;;;7;0.91%;17;2.21%;145;18.88%;2;0.19%
Parlament;2015;2;2;498;287;1;4;282;57.63%;59;20.56%;;;;;41;14.29%;44;15.33%;70;24.39%;13;4.53%;;;;;;;;;;;6;2.09%;4;1.39%;43;14.98%;2;0.40%
Parlament;2015;2;3;808;553;3;1;549;68.44%;154;27.85%;;;;;62;11.21%;60;10.85%;160;28.93%;16;2.89%;;;;;;;;;;;6;1.08%;9;1.63%;77;13.92%;5;0.62%
Parlament;2015;2;4;695;461;1;0;460;66.33%;118;25.60%;;;;;50;10.85%;55;11.93%;159;34.49%;15;3.25%;;;;;;;;;;;6;1.30%;8;1.74%;48;10.41%;1;0.14%
Parlament;2015;2;5;824;572;3;7;562;69.42%;155;27.10%;;;;;51;8.92%;66;11.54%;171;29.90%;13;2.27%;;;;;;;;;;;4;0.70%;5;0.87%;91;15.91%;6;0.73%
Parlament;2015;2;6;728;526;4;3;519;72.25%;98;18.63%;;;;;63;11.98%;69;13.12%;146;27.76%;26;4.94%;;;;;;;;;;;6;1.14%;7;1.33%;101;19.20%;3;0.41%
Parlament;2015;2;8;697;491;2;11;478;70.44%;115;23.42%;;;;;47;9.57%;69;14.05%;147;29.94%;20;4.07%;;;;;;;;;;;12;2.44%;5;1.02%;59;12.02%;4;0.57%
Parlament;2015;2;9;1073;764;6;3;755;71.20%;178;23.30%;;;;;77;10.08%;118;15.45%;186;24.35%;35;4.58%;;;;;;;;;;;8;1.05%;18;2.36%;126;16.49%;9;0.84%
Parlament;2015;2;11;802;565;2;2;561;70.45%;84;14.87%;;;;;59;10.44%;104;18.41%;199;35.22%;25;4.42%;;;;;;;;;;;5;0.88%;7;1.24%;74;13.10%;4;0.50%
Parlament;2015;2;12;678;428;1;3;424;63.13%;100;23.36%;;;;;42;9.81%;74;17.29%;103;24.07%;14;3.27%;;;;;;;;;;;8;1.87%;4;0.93%;75;17.52%;4;0.59%
Parlament;2015;2;14;1406;1071;5;6;1060;76.17%;147;13.73%;;;;;71;6.63%;166;15.50%;341;31.84%;83;7.75%;;;;;;;;;;;15;1.40%;18;1.68%;212;19.79%;7;0.50%
Parlament;2015;2;15;588;348;1;0;347;59.18%;118;33.91%;;;;;52;14.94%;51;14.66%;97;27.87%;4;1.15%;;;;;;;;;;;4;1.15%;3;0.86%;15;4.31%;3;0.51%
Parlament;2015;2;16;1292;1006;9;1;996;77.86%;126;12.52%;;;;;56;5.57%;164;16.30%;324;32.21%;65;6.46%;;;;;;;;;;;22;2.19%;18;1.79%;211;20.97%;10;0.77%
Parlament;2015;2;17;1254;889;7;3;879;70.89%;147;16.54%;;;;;60;6.75%;147;16.54%;279;31.38%;62;6.97%;;;;;;;;;;;21;2.36%;7;0.79%;146;16.42%;10;0.80%
Parlament;2015;3;1;1314;1026;3;3;1020;78.08%;144;14.04%;;;;;59;5.75%;114;11.11%;197;19.20%;76;7.41%;;;;;;;;;;;7;0.68%;28;2.73%;393;38.30%;2;0.15%
Parlament;2015;3;2;1073;855;5;1;849;79.68%;117;13.68%;;;;;61;7.13%;106;12.40%;191;22.34%;59;6.90%;;;;;;;;;;;9;1.05%;15;1.75%;287;33.57%;4;0.37%
Parlament;2015;3;3;1176;873;2;3;868;74.23%;152;17.41%;;;;;80;9.16%;117;13.40%;228;26.12%;49;5.61%;;;;;;;;;;;7;0.80%;9;1.03%;224;25.66%;2;0.17%
Parlament;2015;3;4;931;661;3;0;658;71.00%;106;16.04%;;;;;54;8.17%;96;14.52%;188;28.44%;50;7.56%;;;;;;;;;;;3;0.45%;6;0.91%;151;22.84%;4;0.43%
Parlament;2015;3;5;1531;1202;7;2;1193;78.51%;149;12.40%;;;;;59;4.91%;101;8.40%;182;15.14%;136;11.31%;;;;;;;;;;;18;1.50%;27;2.25%;515;42.85%;6;0.39%
Parlament;2015;3;6;1444;1185;5;0;1180;82.06%;100;8.44%;;;;;49;4.14%;100;8.44%;186;15.70%;108;9.11%;;;;;;;;;;;12;1.01%;37;3.12%;583;49.20%;5;0.35%
Parlament;2015;3;7;1640;1330;16;0;1314;81.10%;127;9.55%;;;;;69;5.19%;131;9.85%;240;18.05%;115;8.65%;;;;;;;;;;;8;0.60%;25;1.88%;593;44.59%;6;0.37%
Parlament;2015;3;8;1565;1120;5;7;1108;71.57%;343;30.63%;;;;;100;8.93%;184;16.43%;261;23.30%;46;4.11%;;;;;;;;;;;13;1.16%;17;1.52%;134;11.96%;10;0.64%
Parlament;2015;3;9;1939;1539;10;5;1524;79.37%;209;13.58%;;;;;83;5.39%;202;13.13%;354;23.00%;132;8.58%;;;;;;;;;;;24;1.56%;40;2.60%;475;30.86%;5;0.26%
Parlament;2015;3;10;1527;1142;5;11;1126;74.79%;307;26.88%;;;;;100;8.76%;176;15.41%;387;33.89%;29;2.54%;;;;;;;;;;;11;0.96%;6;0.53%;101;8.84%;9;0.59%
Parlament;2015;3;11;1152;703;6;4;693;61.02%;173;24.61%;;;;;51;7.25%;88;12.52%;260;36.98%;19;2.70%;;;;;;;;;;;9;1.28%;10;1.42%;79;11.24%;4;0.35%
Parlament;2015;3;12;1749;1334;9;8;1317;76.27%;255;19.12%;;;;;177;13.27%;162;12.14%;447;33.51%;53;3.97%;;;;;;;;;;;10;0.75%;20;1.50%;186;13.94%;7;0.40%
Parlament;2015;3;14;1110;736;0;5;731;66.31%;159;21.60%;;;;;91;12.36%;70;9.51%;175;23.78%;47;6.39%;;;;;;;;;;;5;0.68%;15;2.04%;163;22.15%;6;0.54%
Parlament;2015;3;15;948;738;0;8;730;77.85%;150;20.33%;;;;;67;9.08%;87;11.79%;174;23.58%;43;5.83%;;;;;;;;;;;12;1.63%;9;1.22%;184;24.93%;4;0.42%
Parlament;2015;3;16;646;448;4;1;443;69.35%;130;29.02%;;;;;56;12.50%;64;14.29%;129;28.79%;14;3.13%;;;;;;;;;;;4;0.89%;7;1.56%;33;7.37%;6;0.93%
Parlament;2015;3;17;883;599;3;2;594;67.84%;153;25.54%;;;;;63;10.52%;86;14.36%;204;34.06%;17;2.84%;;;;;;;;;;;6;1.00%;4;0.67%;58;9.68%;3;0.34%
Parlament;2015;3;18;748;596;7;3;586;79.68%;131;21.98%;;;;;46;7.72%;104;17.45%;182;30.54%;16;2.68%;;;;;;;;;;;8;1.34%;12;2.01%;76;12.75%;11;1.47%
Parlament;2015;3;19;909;624;4;5;615;68.65%;165;26.44%;;;;;67;10.74%;68;10.90%;191;30.61%;23;3.69%;;;;;;;;;;;5;0.80%;8;1.28%;86;13.78%;2;0.22%
Parlament;2015;3;20;1183;880;7;4;869;74.39%;143;16.25%;;;;;62;7.05%;122;13.86%;184;20.91%;58;6.59%;;;;;;;;;;;10;1.14%;20;2.27%;263;29.89%;7;0.59%
Parlament;2015;4;1;1123;941;5;3;933;83.79%;51;5.42%;;;;;64;6.80%;52;5.53%;93;9.88%;80;8.50%;;;;;;;;;;;7;0.74%;26;2.76%;557;59.19%;3;0.27%
Parlament;2015;4;2;1106;912;3;4;905;82.46%;48;5.26%;;;;;36;3.95%;37;4.06%;86;9.43%;88;9.65%;;;;;;;;;;;2;0.22%;33;3.62%;572;62.72%;3;0.27%
Parlament;2015;4;3;1235;977;7;4;966;79.11%;98;10.03%;;;;;59;6.04%;72;7.37%;100;10.24%;95;9.72%;;;;;;;;;;;11;1.13%;28;2.87%;500;51.18%;3;0.24%
Parlament;2015;4;4;1116;907;3;3;901;81.27%;112;12.35%;;;;;56;6.17%;85;9.37%;160;17.64%;80;8.82%;;;;;;;;;;;7;0.77%;14;1.54%;383;42.23%;4;0.36%
Parlament;2015;4;5;1267;949;9;1;939;74.90%;114;12.01%;;;;;43;4.53%;99;10.43%;185;19.49%;80;8.43%;;;;;;;;;;;8;0.84%;19;2.00%;385;40.57%;6;0.47%
Parlament;2015;4;6;1404;1087;6;4;1077;77.42%;176;16.19%;;;;;94;8.65%;135;12.42%;274;25.21%;85;7.82%;;;;;;;;;;;10;0.92%;16;1.47%;281;25.85%;6;0.43%
Parlament;2015;4;7;1882;1359;4;4;1351;72.21%;235;17.29%;;;;;110;8.09%;169;12.44%;372;27.37%;79;5.81%;;;;;;;;;;;26;1.91%;21;1.55%;332;24.43%;7;0.37%
Parlament;2015;4;8;947;718;6;3;709;75.82%;108;15.04%;;;;;49;6.82%;105;14.62%;198;27.58%;43;5.99%;;;;;;;;;;;11;1.53%;9;1.25%;179;24.93%;7;0.74%
Parlament;2015;4;9;744;545;3;3;539;73.25%;109;20.00%;;;;;68;12.48%;78;14.31%;159;29.17%;13;2.39%;;;;;;;;;;;8;1.47%;5;0.92%;88;16.15%;11;1.48%
Parlament;2015;4;10;734;483;2;1;480;65.80%;128;26.50%;;;;;48;9.94%;78;16.15%;109;22.57%;22;4.55%;;;;;;;;;;;1;0.21%;5;1.04%;84;17.39%;5;0.68%
Parlament;2015;4;12;990;782;2;2;778;78.99%;101;12.92%;;;;;68;8.70%;92;11.76%;136;17.39%;85;10.87%;;;;;;;;;;;7;0.90%;16;2.05%;270;34.53%;3;0.30%
Parlament;2015;4;13;1185;970;1;3;966;81.86%;93;9.59%;;;;;50;5.15%;94;9.69%;125;12.89%;99;10.21%;;;;;;;;;;;9;0.93%;25;2.58%;469;48.35%;2;0.17%
Parlament;2015;4;14;959;839;4;1;834;87.49%;51;6.08%;;;;;45;5.36%;28;3.34%;96;11.44%;66;7.87%;;;;;;;;;;;2;0.24%;36;4.29%;510;60.79%;0;0.00%
Parlament;2015;4;15;846;703;4;1;698;83.10%;41;5.83%;;;;;48;6.83%;14;1.99%;50;7.11%;57;8.11%;;;;;;;;;;;2;0.28%;37;5.26%;449;63.87%;0;0.00%
Parlament;2015;4;16;946;791;4;2;785;83.62%;33;4.17%;;;;;53;6.70%;37;4.68%;69;8.72%;85;10.75%;;;;;;;;;;;4;0.51%;41;5.18%;462;58.41%;1;0.11%
Parlament;2015;4;17;1120;960;3;0;957;85.71%;61;6.35%;;;;;54;5.63%;73;7.60%;114;11.88%;83;8.65%;;;;;;;;;;;7;0.73%;25;2.60%;537;55.94%;3;0.27%
Parlament;2015;4;18;1853;1498;5;5;1488;80.84%;173;11.55%;;;;;92;6.14%;125;8.34%;262;17.49%;124;8.28%;;;;;;;;;;;16;1.07%;29;1.94%;661;44.13%;6;0.32%
Parlament;2015;4;19;891;664;3;2;659;74.52%;81;12.20%;;;;;53;7.98%;94;14.16%;167;25.15%;52;7.83%;;;;;;;;;;;3;0.45%;13;1.96%;192;28.92%;4;0.45%
Parlament;2015;4;20;548;342;4;1;337;62.41%;117;34.21%;;;;;35;10.23%;36;10.53%;92;26.90%;13;3.80%;;;;;;;;;;;3;0.88%;2;0.58%;32;9.36%;7;1.28%
Parlament;2015;4;21;768;546;3;0;543;71.09%;118;21.61%;;;;;63;11.54%;79;14.47%;141;25.82%;35;6.41%;;;;;;;;;;;7;1.28%;5;0.92%;93;17.03%;2;0.26%
Parlament;2015;4;22;1571;1233;6;4;1223;78.49%;196;15.90%;;;;;77;6.24%;165;13.38%;410;33.25%;53;4.30%;;;;;;;;;;;19;1.54%;23;1.87%;270;21.90%;10;0.64%
Parlament;2015;4;23;1518;1211;13;7;1191;79.78%;198;16.35%;;;;;76;6.28%;195;16.10%;346;28.57%;66;5.45%;;;;;;;;;;;12;0.99%;16;1.32%;269;22.21%;13;0.86%
Parlament;2015;4;24;1515;1142;6;3;1133;75.38%;155;13.57%;;;;;103;9.02%;160;14.01%;361;31.61%;79;6.92%;;;;;;;;;;;15;1.31%;14;1.23%;239;20.93%;7;0.46%
Parlament;2015;4;25;888;662;2;0;660;74.55%;102;15.41%;;;;;64;9.67%;91;13.75%;127;19.18%;38;5.74%;;;;;;;;;;;6;0.91%;12;1.81%;219;33.08%;1;0.11%
Parlament;2015;4;26;1043;843;5;2;836;80.82%;59;7.00%;;;;;43;5.10%;31;3.68%;89;10.56%;80;9.49%;;;;;;;;;;;5;0.59%;29;3.44%;500;59.31%;0;0.00%
Parlament;2015;5;1;1522;1234;3;1;1230;81.08%;150;12.16%;;;;;91;7.37%;119;9.64%;309;25.04%;83;6.73%;;;;;;;;;;;12;0.97%;36;2.92%;421;34.12%;9;0.59%
Parlament;2015;5;2;1118;831;0;8;823;74.33%;173;20.82%;;;;;99;11.91%;128;15.40%;231;27.80%;45;5.42%;;;;;;;;;;;13;1.56%;10;1.20%;117;14.08%;7;0.63%
Parlament;2015;5;3;1485;1160;4;4;1152;78.11%;102;8.79%;;;;;84;7.24%;106;9.14%;204;17.59%;78;6.72%;;;;;;;;;;;17;1.47%;21;1.81%;536;46.21%;4;0.27%
Parlament;2015;5;4;1174;954;3;5;946;81.26%;103;10.80%;;;;;60;6.29%;86;9.01%;162;16.98%;87;9.12%;;;;;;;;;;;5;0.52%;27;2.83%;414;43.40%;2;0.17%
Parlament;2015;5;5;777;604;2;0;602;77.73%;67;11.09%;;;;;28;4.64%;59;9.77%;86;14.24%;60;9.93%;;;;;;;;;;;6;0.99%;18;2.98%;276;45.70%;2;0.26%
Parlament;2015;5;6;1553;1268;5;3;1260;81.65%;126;9.94%;;;;;55;4.34%;92;7.26%;193;15.22%;94;7.41%;;;;;;;;;;;11;0.87%;34;2.68%;653;51.50%;2;0.13%
Parlament;2015;5;7;883;744;4;2;738;84.26%;67;9.01%;;;;;19;2.55%;55;7.39%;105;14.11%;85;11.42%;;;;;;;;;;;0;0.00%;28;3.76%;377;50.67%;2;0.23%
Parlament;2015;5;8;1430;1148;8;4;1136;80.28%;127;11.06%;;;;;68;5.92%;94;8.19%;173;15.07%;101;8.80%;;;;;;;;;;;5;0.44%;26;2.26%;539;46.95%;3;0.21%
Parlament;2015;5;9;1354;1131;4;2;1125;83.53%;182;16.09%;;;;;84;7.43%;130;11.49%;229;20.25%;81;7.16%;;;;;;;;;;;5;0.44%;19;1.68%;392;34.66%;3;0.22%
Parlament;2015;5;10;1438;1066;3;2;1061;74.13%;268;25.14%;;;;;116;10.88%;145;13.60%;300;28.14%;35;3.28%;;;;;;;;;;;13;1.22%;8;0.75%;169;15.85%;7;0.49%
Parlament;2015;5;11;1466;1187;3;5;1179;80.97%;169;14.24%;;;;;98;8.26%;122;10.28%;268;22.58%;94;7.92%;;;;;;;;;;;6;0.51%;39;3.29%;378;31.84%;5;0.34%
Parlament;2015;5;12;585;454;2;2;450;77.61%;86;18.94%;;;;;22;4.85%;40;8.81%;114;25.11%;29;6.39%;;;;;;;;;;;5;1.10%;11;2.42%;136;29.96%;7;1.20%
Parlament;2015;5;13;1167;839;2;1;836;71.89%;154;18.36%;;;;;56;6.67%;134;15.97%;240;28.61%;54;6.44%;;;;;;;;;;;9;1.07%;7;0.83%;175;20.86%;7;0.60%
Parlament;2015;5;14;1580;1221;3;4;1214;77.28%;231;18.92%;;;;;101;8.27%;164;13.43%;328;26.86%;71;5.81%;;;;;;;;;;;14;1.15%;20;1.64%;276;22.60%;9;0.57%
Parlament;2015;5;15;1475;1044;5;8;1031;70.78%;235;22.51%;;;;;77;7.38%;139;13.31%;265;25.38%;65;6.23%;;;;;;;;;;;8;0.77%;19;1.82%;207;19.83%;16;1.08%
Parlament;2015;5;16;1910;1429;6;7;1416;74.82%;255;17.84%;;;;;120;8.40%;206;14.42%;392;27.43%;74;5.18%;;;;;;;;;;;17;1.19%;28;1.96%;315;22.04%;9;0.47%
Parlament;2015;5;17;1273;1044;8;1;1035;82.01%;128;12.26%;;;;;46;4.41%;160;15.33%;277;26.53%;69;6.61%;;;;;;;;;;;4;0.38%;20;1.92%;329;31.51%;2;0.16%
Parlament;2015;5;18;979;760;7;3;750;77.63%;152;20.00%;;;;;90;11.84%;126;16.58%;188;24.74%;34;4.47%;;;;;;;;;;;9;1.18%;16;2.11%;133;17.50%;2;0.20%
Parlament;2015;5;19;837;672;4;1;667;80.29%;69;10.27%;;;;;24;3.57%;84;12.50%;164;24.40%;55;8.18%;;;;;;;;;;;6;0.89%;10;1.49%;247;36.76%;8;0.96%
Parlament;2015;5;20;1186;966;6;3;957;81.45%;107;11.08%;;;;;40;4.14%;95;9.83%;162;16.77%;111;11.49%;;;;;;;;;;;7;0.72%;31;3.21%;401;41.51%;3;0.25%
Parlament;2015;5;21;1411;1137;9;1;1127;80.58%;176;15.48%;;;;;106;9.32%;139;12.23%;228;20.05%;86;7.56%;;;;;;;;;;;9;0.79%;24;2.11%;357;31.40%;2;0.14%
Parlament;2015;5;22;549;424;0;0;424;77.23%;69;16.27%;;;;;41;9.67%;43;10.14%;92;21.70%;36;8.49%;;;;;;;;;;;7;1.65%;11;2.59%;122;28.77%;3;0.55%
Parlament;2015;5;23;1279;1048;11;3;1034;81.94%;107;10.21%;;;;;36;3.44%;89;8.49%;144;13.74%;107;10.21%;;;;;;;;;;;3;0.29%;24;2.29%;521;49.71%;3;0.23%
Parlament;2015;5;24;1157;903;2;3;898;78.05%;117;12.96%;;;;;51;5.65%;119;13.18%;217;24.03%;66;7.31%;;;;;;;;;;;11;1.22%;27;2.99%;287;31.78%;3;0.26%
Parlament;2015;5;25;867;703;6;3;694;81.08%;123;17.50%;;;;;47;6.69%;96;13.66%;181;25.75%;40;5.69%;;;;;;;;;;;4;0.57%;17;2.42%;182;25.89%;4;0.46%
Parlament;2015;5;26;998;847;1;4;842;84.87%;76;8.97%;;;;;61;7.20%;71;8.38%;146;17.24%;57;6.73%;;;;;;;;;;;2;0.24%;24;2.83%;402;47.46%;3;0.30%
Parlament;2015;5;27;953;782;8;1;773;82.06%;83;10.61%;;;;;34;4.35%;68;8.70%;151;19.31%;75;9.59%;;;;;;;;;;;9;1.15%;18;2.30%;332;42.46%;3;0.31%
Parlament;2015;5;28;883;711;7;1;703;80.52%;124;17.44%;;;;;38;5.34%;118;16.60%;206;28.97%;52;7.31%;;;;;;;;;;;3;0.42%;17;2.39%;141;19.83%;4;0.45%
Parlament;2015;5;29;858;698;3;1;694;81.35%;94;13.47%;;;;;31;4.44%;97;13.90%;196;28.08%;48;6.88%;;;;;;;;;;;10;1.43%;16;2.29%;197;28.22%;5;0.58%
Parlament;2015;6;1;876;680;3;5;672;77.63%;197;28.97%;;;;;64;9.41%;83;12.21%;167;24.56%;27;3.97%;;;;;;;;;;;8;1.18%;6;0.88%;112;16.47%;8;0.91%
Parlament;2015;6;2;1169;838;3;3;832;71.69%;149;17.78%;;;;;60;7.16%;113;13.48%;221;26.37%;51;6.09%;;;;;;;;;;;12;1.43%;10;1.19%;213;25.42%;3;0.26%
Parlament;2015;6;3;1464;1073;6;3;1064;73.29%;213;19.85%;;;;;119;11.09%;143;13.33%;304;28.33%;68;6.34%;;;;;;;;;;;11;1.03%;18;1.68%;181;16.87%;7;0.48%
Parlament;2015;6;4;860;591;3;3;585;68.72%;114;19.29%;;;;;74;12.52%;59;9.98%;134;22.67%;45;7.61%;;;;;;;;;;;11;1.86%;11;1.86%;135;22.84%;2;0.23%
Parlament;2015;6;5;1094;784;2;2;780;71.66%;133;16.96%;;;;;55;7.02%;135;17.22%;212;27.04%;55;7.02%;;;;;;;;;;;7;0.89%;14;1.79%;158;20.15%;11;1.01%
Parlament;2015;6;6;1107;829;5;2;822;74.89%;124;14.96%;;;;;58;7.00%;135;16.28%;319;38.48%;47;5.67%;;;;;;;;;;;19;2.29%;9;1.09%;104;12.55%;7;0.63%
Parlament;2015;6;8;1627;1280;12;3;1265;78.67%;176;13.75%;;;;;75;5.86%;147;11.48%;274;21.41%;109;8.52%;;;;;;;;;;;5;0.39%;33;2.58%;441;34.45%;5;0.31%
Parlament;2015;6;9;862;665;6;0;659;77.15%;140;21.05%;;;;;50;7.52%;82;12.33%;180;27.07%;52;7.82%;;;;;;;;;;;3;0.45%;11;1.65%;138;20.75%;3;0.35%
Parlament;2015;6;10;1570;1236;1;10;1225;78.73%;246;19.90%;;;;;87;7.04%;168;13.59%;371;30.02%;87;7.04%;;;;;;;;;;;9;0.73%;16;1.29%;239;19.34%;2;0.13%
Parlament;2015;6;11;1273;845;6;5;834;66.38%;172;20.36%;;;;;83;9.82%;131;15.50%;246;29.11%;43;5.09%;;;;;;;;;;;8;0.95%;13;1.54%;125;14.79%;13;1.02%
Parlament;2015;6;12;923;671;6;6;659;72.70%;143;21.31%;;;;;71;10.58%;83;12.37%;150;22.35%;51;7.60%;;;;;;;;;;;6;0.89%;10;1.49%;145;21.61%;0;0.00%
Parlament;2015;6;13;712;529;1;1;527;74.30%;122;23.06%;;;;;52;9.83%;87;16.45%;159;30.06%;32;6.05%;;;;;;;;;;;5;0.95%;5;0.95%;56;10.59%;9;1.26%
Parlament;2015;6;14;717;478;5;0;473;66.67%;123;25.73%;;;;;58;12.13%;63;13.18%;113;23.64%;26;5.44%;;;;;;;;;;;4;0.84%;10;2.09%;71;14.85%;5;0.70%
Parlament;2015;6;16;1136;756;4;3;749;66.55%;138;18.25%;;;;;69;9.13%;113;14.95%;189;25.00%;53;7.01%;;;;;;;;;;;10;1.32%;23;3.04%;151;19.97%;3;0.26%
Parlament;2015;6;18;923;627;3;3;621;67.93%;176;28.07%;;;;;79;12.60%;90;14.35%;169;26.95%;19;3.03%;;;;;;;;;;;4;0.64%;3;0.48%;73;11.64%;8;0.87%
Parlament;2015;6;20;1169;752;10;1;741;64.33%;197;26.20%;;;;;85;11.30%;105;13.96%;206;27.39%;39;5.19%;;;;;;;;;;;10;1.33%;4;0.53%;91;12.10%;4;0.34%
Parlament;2015;6;23;1005;720;4;2;714;71.64%;137;19.03%;;;;;59;8.19%;111;15.42%;258;35.83%;32;4.44%;;;;;;;;;;;4;0.56%;21;2.92%;87;12.08%;5;0.50%
Parlament;2015;6;24;1804;1371;16;4;1351;76.00%;240;17.51%;;;;;98;7.15%;236;17.21%;453;33.04%;77;5.62%;;;;;;;;;;;15;1.09%;24;1.75%;194;14.15%;14;0.78%
Parlament;2015;6;25;1383;1025;9;2;1014;74.11%;186;18.15%;;;;;99;9.66%;158;15.41%;316;30.83%;49;4.78%;;;;;;;;;;;12;1.17%;16;1.56%;168;16.39%;10;0.72%
Parlament;2015;6;26;1205;908;2;3;903;75.35%;189;20.81%;;;;;67;7.38%;136;14.98%;287;31.61%;54;5.95%;;;;;;;;;;;12;1.32%;10;1.10%;140;15.42%;8;0.66%
Parlament;2015;6;27;973;695;6;3;686;71.43%;202;29.06%;;;;;56;8.06%;92;13.24%;220;31.65%;13;1.87%;;;;;;;;;;;10;1.44%;6;0.86%;82;11.80%;5;0.51%
Parlament;2015;6;28;1190;950;4;2;944;79.83%;189;19.89%;;;;;71;7.47%;174;18.32%;308;32.42%;50;5.26%;;;;;;;;;;;7;0.74%;11;1.16%;130;13.68%;4;0.34%
Parlament;2015;6;29;774;597;1;0;596;77.13%;103;17.25%;;;;;47;7.87%;98;16.42%;220;36.85%;38;6.37%;;;;;;;;;;;7;1.17%;5;0.84%;72;12.06%;6;0.78%
Parlament;2015;6;30;545;418;3;1;414;76.70%;70;16.75%;;;;;18;4.31%;76;18.18%;143;34.21%;28;6.70%;;;;;;;;;;;2;0.48%;8;1.91%;66;15.79%;3;0.55%
Parlament;2015;6;31;742;522;1;3;518;70.35%;105;20.11%;;;;;36;6.90%;84;16.09%;156;29.89%;39;7.47%;;;;;;;;;;;3;0.57%;16;3.07%;77;14.75%;2;0.27%
Parlament;2015;6;32;541;426;6;1;419;78.74%;58;13.62%;;;;;29;6.81%;70;16.43%;159;37.32%;22;5.16%;;;;;;;;;;;6;1.41%;4;0.94%;68;15.96%;3;0.55%
Parlament;2015;6;33;1010;813;6;2;805;80.50%;103;12.67%;;;;;42;5.17%;114;14.02%;253;31.12%;49;6.03%;;;;;;;;;;;14;1.72%;22;2.71%;205;25.22%;3;0.30%
Parlament;2017;1;1;1061;930;6;3;921;87.65%;58;;443;;202;;31;;26;;104;;53;;;;;;;;;;;;4;;;;;;0;0.00%
Parlament;2017;1;2;1101;934;12;6;916;84.83%;57;;336;;257;;36;;46;;120;;59;;;;;;;;;;;;4;;;;;;1;0.11%
Parlament;2017;1;4;1526;1360;8;0;1352;89.12%;87;;475;;366;;38;;77;;192;;107;;;;;;;;;;;;8;;;;;;2;0.15%
Parlament;2017;1;5;972;864;2;3;859;88.89%;56;;311;;198;;27;;55;;147;;61;;;;;;;;;;;;3;;;;;;1;0.12%
Parlament;2017;1;6;1173;1032;6;6;1020;87.98%;64;;414;;251;;40;;37;;153;;59;;;;;;;;;;;;1;;;;;;1;0.10%
Parlament;2017;1;7;1373;1198;6;1;1191;87.25%;89;;451;;263;;58;;45;;198;;71;;;;;;;;;;;;14;;;;;;2;0.17%
Parlament;2017;1;8;1913;1680;9;9;1662;87.82%;118;;673;;406;;42;;103;;226;;81;;;;;;;;;;;;11;;;;;;2;0.12%
Parlament;2017;1;9;1052;905;2;0;903;86.03%;42;;350;;226;;28;;42;;134;;77;;;;;;;;;;;;2;;;;;;2;0.22%
Parlament;2017;1;10;963;862;4;0;858;89.51%;84;;277;;259;;10;;55;;124;;47;;;;;;;;;;;;1;;;;;;1;0.12%
Parlament;2017;1;11;908;767;4;0;763;84.47%;122;;133;;167;;22;;58;;208;;41;;;;;;;;;;;;8;;;;;;4;0.52%
Parlament;2017;1;12;1101;909;5;4;900;82.56%;120;;183;;234;;25;;103;;200;;29;;;;;;;;;;;;5;;;;;;1;0.11%
Parlament;2017;1;13;627;512;4;1;507;81.66%;107;;35;;82;;19;;58;;180;;15;;;;;;;;;;;;10;;;;;;1;0.20%
Parlament;2017;1;14;1590;1277;2;4;1271;80.31%;216;;170;;234;;52;;108;;425;;39;;;;;;;;;;;;17;;;;;;10;0.78%
Parlament;2017;1;15;902;746;4;3;739;82.71%;127;;142;;147;;23;;85;;179;;25;;;;;;;;;;;;11;;;;;;0;0.00%
Parlament;2017;1;16;1846;1567;10;11;1546;84.89%;169;;419;;381;;49;;105;;330;;73;;;;;;;;;;;;17;;;;;;3;0.19%
Parlament;2017;1;17;1641;1420;5;1;1414;86.53%;137;;495;;394;;38;;83;;182;;74;;;;;;;;;;;;5;;;;;;6;0.42%
Parlament;2017;1;18;429;378;2;4;372;88.11%;27;;114;;103;;11;;28;;57;;32;;;;;;;;;;;;0;;;;;;0;0.00%
Parlament;2017;1;19;1140;965;3;3;959;84.65%;138;;144;;226;;35;;101;;269;;34;;;;;;;;;;;;12;;;;;;0;0.00%
Parlament;2017;1;20;1009;893;5;2;886;88.50%;117;;233;;232;;27;;61;;173;;35;;;;;;;;;;;;8;;;;;;0;0.00%
Parlament;2017;1;21;1079;888;4;0;884;82.30%;135;;187;;189;;32;;54;;229;;44;;;;;;;;;;;;11;;;;;;3;0.34%
Parlament;2017;1;22;1403;1241;6;3;1232;88.45%;110;;364;;323;;35;;67;;268;;54;;;;;;;;;;;;8;;;;;;3;0.24%
Parlament;2017;1;23;945;858;2;1;855;90.79%;96;;211;;236;;19;;70;;181;;34;;;;;;;;;;;;5;;;;;;3;0.35%
Parlament;2017;1;24;635;565;6;1;558;88.98%;29;;249;;137;;19;;24;;59;;41;;;;;;;;;;;;0;;;;;;0;0.00%
Parlament;2017;2;1;1101;859;5;2;852;78.02%;164;;74;;109;;47;;73;;347;;23;;;;;;;;;;;;13;;;;;;2;0.23%
Parlament;2017;2;2;458;277;2;1;274;60.48%;49;;27;;42;;24;;18;;101;;9;;;;;;;;;;;;2;;;;;;2;0.72%
Parlament;2017;2;3;818;576;4;1;571;70.42%;137;;37;;66;;61;;32;;213;;15;;;;;;;;;;;;8;;;;;;2;0.35%
Parlament;2017;2;4;663;449;5;0;444;67.72%;82;;28;;44;;36;;43;;196;;8;;;;;;;;;;;;5;;;;;;2;0.45%
Parlament;2017;2;5;817;607;2;2;603;74.30%;124;;44;;84;;36;;43;;244;;17;;;;;;;;;;;;7;;;;;;4;0.66%
Parlament;2017;2;6;722;556;2;0;554;77.01%;89;;56;;78;;39;;58;;210;;16;;;;;;;;;;;;8;;;;;;0;0.00%
Parlament;2017;2;8;733;563;8;2;553;76.81%;101;;44;;74;;23;;70;;218;;9;;;;;;;;;;;;11;;;;;;3;0.53%
Parlament;2017;2;9;1106;808;3;2;803;73.06%;164;;49;;130;;41;;88;;297;;21;;;;;;;;;;;;4;;;;;;9;1.11%
Parlament;2017;2;11;808;580;1;2;577;71.78%;103;;36;;74;;26;;50;;265;;13;;;;;;;;;;;;6;;;;;;4;0.69%
Parlament;2017;2;12;664;439;4;1;434;66.11%;83;;36;;37;;25;;48;;188;;8;;;;;;;;;;;;8;;;;;;1;0.23%
Parlament;2017;2;14;1499;1216;6;5;1205;81.12%;165;;108;;199;;33;;142;;501;;33;;;;;;;;;;;;24;;;;;;0;0.00%
Parlament;2017;2;15;566;368;0;2;366;65.02%;63;;15;;24;;24;;23;;202;;6;;;;;;;;;;;;7;;;;;;2;0.54%
Parlament;2017;2;16;1494;1242;4;3;1235;83.13%;185;;96;;242;;24;;155;;461;;37;;;;;;;;;;;;26;;;;;;9;0.72%
Parlament;2017;2;17;1316;986;3;5;978;74.92%;169;;75;;151;;35;;101;;391;;34;;;;;;;;;;;;16;;;;;;6;0.61%
Parlament;2017;3;1;1324;1094;6;6;1082;82.63%;150;;192;;262;;39;;92;;302;;30;;;;;;;;;;;;8;;;;;;7;0.64%
Parlament;2017;3;2;1090;933;9;5;919;85.60%;139;;147;;227;;21;;78;;253;;41;;;;;;;;;;;;11;;;;;;2;0.21%
Parlament;2017;3;3;1205;952;1;5;946;79.00%;166;;99;;169;;38;;99;;334;;29;;;;;;;;;;;;10;;;;;;2;0.21%
Parlament;2017;3;4;949;738;5;1;732;77.77%;122;;68;;124;;36;;108;;238;;22;;;;;;;;;;;;11;;;;;;3;0.41%
Parlament;2017;3;5;1722;1394;9;9;1376;80.95%;159;;295;;387;;32;;120;;294;;65;;;;;;;;;;;;18;;;;;;6;0.43%
Parlament;2017;3;6;1483;1271;7;1;1263;85.70%;122;;307;;374;;27;;104;;263;;57;;;;;;;;;;;;5;;;;;;4;0.31%
Parlament;2017;3;7;1621;1387;9;4;1374;85.56%;159;;281;;352;;34;;152;;307;;66;;;;;;;;;;;;17;;;;;;6;0.43%
Parlament;2017;3;8;1534;1200;8;9;1183;78.23%;270;;67;;147;;62;;127;;453;;41;;;;;;;;;;;;13;;;;;;3;0.25%
Parlament;2017;3;9;1927;1590;9;1;1580;82.51%;226;;245;;362;;39;;153;;456;;77;;;;;;;;;;;;19;;;;;;3;0.19%
Parlament;2017;3;10;1504;1224;10;8;1206;81.38%;289;;45;;107;;54;;122;;543;;20;;;;;;;;;;;;21;;;;;;5;0.41%
Parlament;2017;3;11;1144;825;1;8;816;72.12%;151;;38;;88;;33;;63;;418;;10;;;;;;;;;;;;12;;;;;;3;0.36%
Parlament;2017;3;12;1764;1446;7;6;1433;81.97%;242;;88;;188;;97;;117;;653;;27;;;;;;;;;;;;17;;;;;;4;0.28%
Parlament;2017;3;14;1099;783;4;3;776;71.25%;142;;70;;130;;46;;71;;268;;34;;;;;;;;;;;;13;;;;;;2;0.26%
Parlament;2017;3;15;952;789;4;6;779;82.88%;142;;92;;140;;37;;72;;255;;30;;;;;;;;;;;;10;;;;;;1;0.13%
Parlament;2017;3;16;675;499;2;3;494;73.93%;118;;25;;40;;31;;48;;204;;16;;;;;;;;;;;;11;;;;;;1;0.20%
Parlament;2017;3;17;828;639;4;2;633;77.17%;122;;25;;62;;47;;79;;279;;8;;;;;;;;;;;;7;;;;;;4;0.63%
Parlament;2017;3;18;759;641;6;1;634;84.45%;130;;35;;96;;28;;68;;253;;8;;;;;;;;;;;;14;;;;;;2;0.31%
Parlament;2017;3;19;906;688;2;5;681;75.94%;148;;39;;96;;26;;56;;276;;22;;;;;;;;;;;;13;;;;;;5;0.73%
Parlament;2017;3;20;1164;910;2;2;906;78.18%;133;;126;;195;;31;;87;;280;;40;;;;;;;;;;;;10;;;;;;4;0.44%
Parlament;2017;4;1;1110;939;4;2;933;84.59%;72;;376;;218;;38;;42;;132;;50;;;;;;;;;;;;4;;;;;;1;0.11%
Parlament;2017;4;2;1127;955;4;4;947;84.74%;75;;378;;255;;19;;46;;109;;58;;;;;;;;;;;;7;;;;;;0;0.00%
Parlament;2017;4;3;1275;1031;7;2;1022;80.86%;116;;289;;239;;34;;70;;206;;57;;;;;;;;;;;;10;;;;;;1;0.10%
Parlament;2017;4;4;1145;953;4;5;944;83.23%;98;;207;;240;;29;;76;;226;;48;;;;;;;;;;;;13;;;;;;7;0.73%
Parlament;2017;4;5;1250;999;5;6;988;79.92%;109;;202;;236;;22;;82;;277;;47;;;;;;;;;;;;12;;;;;;1;0.10%
Parlament;2017;4;6;1429;1171;7;1;1163;81.95%;161;;139;;235;;37;;124;;394;;51;;;;;;;;;;;;17;;;;;;5;0.43%
Parlament;2017;4;7;1867;1465;4;13;1448;78.47%;212;;173;;273;;55;;144;;522;;41;;;;;;;;;;;;21;;;;;;7;0.48%
Parlament;2017;4;8;970;804;5;3;796;82.89%;124;;94;;144;;39;;100;;236;;36;;;;;;;;;;;;17;;;;;;6;0.75%
Parlament;2017;4;9;751;582;3;3;576;77.50%;92;;55;;78;;32;;57;;245;;10;;;;;;;;;;;;5;;;;;;2;0.34%
Parlament;2017;4;10;749;532;2;1;529;71.03%;115;;22;;74;;31;;75;;187;;17;;;;;;;;;;;;6;;;;;;2;0.38%
Parlament;2017;4;12;987;837;4;0;833;84.80%;111;;145;;199;;22;;71;;230;;39;;;;;;;;;;;;12;;;;;;4;0.48%
Parlament;2017;4;13;1164;1010;0;0;1010;86.77%;121;;256;;264;;38;;81;;180;;57;;;;;;;;;;;;8;;;;;;5;0.50%
Parlament;2017;4;14;971;862;6;3;853;88.77%;60;;317;;229;;34;;41;;128;;41;;;;;;;;;;;;3;;;;;;0;0.00%
Parlament;2017;4;15;839;726;2;0;724;86.53%;53;;308;;160;;23;;29;;105;;41;;;;;;;;;;;;5;;;;;;0;0.00%
Parlament;2017;4;16;957;823;2;0;821;86.00%;59;;320;;187;;37;;48;;105;;54;;;;;;;;;;;;6;;;;;;5;0.61%
Parlament;2017;4;17;1131;978;5;4;969;86.47%;111;;277;;268;;37;;64;;151;;47;;;;;;;;;;;;13;;;;;;1;0.10%
Parlament;2017;4;18;1925;1640;9;3;1628;85.19%;227;;353;;409;;50;;135;;346;;83;;;;;;;;;;;;20;;;;;;5;0.30%
Parlament;2017;4;19;909;751;1;7;743;82.62%;116;;99;;157;;28;;87;;208;;32;;;;;;;;;;;;8;;;;;;8;1.07%
Parlament;2017;4;20;521;371;0;5;366;71.21%;89;;13;;37;;33;;23;;146;;5;;;;;;;;;;;;13;;;;;;7;1.89%
Parlament;2017;4;21;766;582;5;4;573;75.98%;96;;45;;94;;29;;70;;219;;7;;;;;;;;;;;;9;;;;;;4;0.69%
Parlament;2017;4;22;1578;1339;10;4;1325;84.85%;211;;106;;251;;39;;155;;503;;36;;;;;;;;;;;;17;;;;;;7;0.52%
Parlament;2017;4;23;1575;1362;11;4;1347;86.48%;252;;95;;205;;32;;197;;494;;39;;;;;;;;;;;;21;;;;;;12;0.88%
Parlament;2017;4;24;1568;1299;8;4;1287;82.84%;206;;132;;215;;42;;133;;509;;33;;;;;;;;;;;;13;;;;;;4;0.31%
Parlament;2017;4;25;890;708;5;0;703;79.55%;115;;140;;117;;34;;74;;192;;24;;;;;;;;;;;;7;;;;;;0;0.00%
Parlament;2017;4;26;1038;877;5;2;870;84.49%;89;;333;;204;;21;;46;;130;;40;;;;;;;;;;;;6;;;;;;1;0.11%
Parlament;2017;5;1;1530;1295;4;1;1290;84.64%;188;;199;;310;;51;;108;;376;;39;;;;;;;;;;;;17;;;;;;2;0.15%
Parlament;2017;5;2;1080;903;3;12;888;83.61%;169;;57;;113;;41;;114;;339;;32;;;;;;;;;;;;18;;;;;;5;0.55%
Parlament;2017;5;3;1476;1209;3;2;1204;81.91%;131;;254;;336;;38;;108;;278;;40;;;;;;;;;;;;18;;;;;;1;0.08%
Parlament;2017;5;4;1189;1024;2;4;1018;86.12%;136;;204;;259;;44;;96;;221;;48;;;;;;;;;;;;7;;;;;;3;0.29%
Parlament;2017;5;5;760;623;4;4;615;81.97%;75;;132;;166;;27;;70;;103;;35;;;;;;;;;;;;6;;;;;;1;0.16%
Parlament;2017;5;6;1573;1342;5;6;1331;85.31%;171;;364;;335;;38;;88;;278;;48;;;;;;;;;;;;6;;;;;;3;0.22%
Parlament;2017;5;7;863;779;4;3;772;90.27%;100;;205;;218;;17;;51;;134;;42;;;;;;;;;;;;4;;;;;;1;0.13%
Parlament;2017;5;8;1417;1198;6;6;1186;84.54%;155;;287;;329;;34;;64;;262;;46;;;;;;;;;;;;8;;;;;;1;0.08%
Parlament;2017;5;9;1352;1195;2;2;1191;88.39%;218;;203;;262;;40;;95;;313;;48;;;;;;;;;;;;10;;;;;;2;0.17%
Parlament;2017;5;10;1384;1111;4;9;1098;80.27%;251;;86;;130;;64;;93;;441;;19;;;;;;;;;;;;10;;;;;;4;0.36%
Parlament;2017;5;11;1476;1273;6;9;1258;86.25%;203;;211;;283;;55;;122;;329;;40;;;;;;;;;;;;12;;;;;;3;0.24%
Parlament;2017;5;12;573;463;3;1;459;80.80%;84;;61;;114;;15;;38;;125;;17;;;;;;;;;;;;4;;;;;;1;0.22%
Parlament;2017;5;13;1159;921;2;6;913;79.47%;193;;81;;141;;35;;96;;326;;30;;;;;;;;;;;;9;;;;;;2;0.22%
Parlament;2017;5;14;1582;1308;8;4;1296;82.68%;220;;113;;258;;43;;152;;438;;43;;;;;;;;;;;;24;;;;;;5;0.38%
Parlament;2017;5;15;1466;1151;8;6;1137;78.51%;199;;119;;189;;46;;120;;403;;39;;;;;;;;;;;;15;;;;;;7;0.61%
Parlament;2017;5;16;1870;1499;6;6;1487;80.16%;271;;154;;262;;62;;155;;522;;23;;;;;;;;;;;;32;;;;;;6;0.40%
Parlament;2017;5;17;1313;1140;1;4;1135;86.82%;183;;146;;255;;28;;124;;351;;36;;;;;;;;;;;;7;;;;;;5;0.44%
Parlament;2017;5;18;988;834;2;4;828;84.41%;163;;78;;132;;58;;107;;257;;22;;;;;;;;;;;;10;;;;;;1;0.12%
Parlament;2017;5;19;892;739;0;8;731;82.85%;73;;127;;189;;9;;77;;206;;42;;;;;;;;;;;;5;;;;;;3;0.41%
Parlament;2017;5;20;1161;1003;1;1;1001;86.39%;145;;184;;253;;24;;101;;219;;60;;;;;;;;;;;;13;;;;;;2;0.20%
Parlament;2017;5;21;1390;1154;7;7;1140;83.02%;197;;154;;243;;62;;96;;333;;45;;;;;;;;;;;;7;;;;;;3;0.26%
Parlament;2017;5;22;543;448;3;0;445;82.50%;71;;53;;85;;26;;51;;132;;22;;;;;;;;;;;;3;;;;;;2;0.45%
Parlament;2017;5;23;1302;1104;8;2;1094;84.79%;122;;264;;324;;24;;98;;192;;59;;;;;;;;;;;;9;;;;;;2;0.18%
Parlament;2017;5;24;1178;992;2;2;988;84.21%;171;;133;;228;;34;;98;;281;;29;;;;;;;;;;;;11;;;;;;3;0.30%
Parlament;2017;5;25;870;749;7;4;738;86.09%;138;;88;;143;;27;;75;;241;;19;;;;;;;;;;;;7;;;;;;0;0.00%
Parlament;2017;5;26;993;876;1;3;872;88.22%;95;;201;;236;;34;;73;;188;;42;;;;;;;;;;;;3;;;;;;0;0.00%
Parlament;2017;5;27;948;828;5;1;822;87.34%;81;;193;;200;;19;;81;;190;;46;;;;;;;;;;;;8;;;;;;4;0.48%
Parlament;2017;5;28;888;796;3;6;787;89.64%;162;;60;;136;;22;;84;;280;;21;;;;;;;;;;;;20;;;;;;2;0.25%
Parlament;2017;5;29;881;778;2;4;772;88.31%;119;;63;;179;;13;;95;;249;;37;;;;;;;;;;;;16;;;;;;1;0.13%
Parlament;2017;6;1;885;736;6;0;730;83.16%;168;;62;;101;;31;;71;;269;;20;;;;;;;;;;;;6;;;;;;2;0.27%
Parlament;2017;6;2;1168;904;5;1;898;77.40%;137;;91;;159;;33;;71;;348;;30;;;;;;;;;;;;21;;;;;;8;0.88%
Parlament;2017;6;3;1469;1148;7;6;1135;78.15%;224;;103;;159;;67;;102;;421;;35;;;;;;;;;;;;11;;;;;;13;1.13%
Parlament;2017;6;4;888;651;0;3;648;73.31%;112;;71;;94;;45;;45;;244;;28;;;;;;;;;;;;7;;;;;;2;0.31%
Parlament;2017;6;5;1083;860;5;4;851;79.41%;152;;72;;167;;31;;102;;280;;33;;;;;;;;;;;;8;;;;;;6;0.70%
Parlament;2017;6;6;1134;925;5;3;917;81.57%;152;;40;;135;;32;;98;;418;;20;;;;;;;;;;;;19;;;;;;3;0.32%
Parlament;2017;6;8;1625;1333;6;6;1321;82.03%;189;;227;;325;;32;;122;;344;;57;;;;;;;;;;;;18;;;;;;7;0.53%
Parlament;2017;6;9;898;726;4;1;721;80.85%;132;;64;;135;;31;;82;;247;;20;;;;;;;;;;;;7;;;;;;3;0.41%
Parlament;2017;6;10;1589;1345;7;0;1338;84.64%;244;;86;;225;;44;;137;;532;;51;;;;;;;;;;;;15;;;;;;4;0.30%
Parlament;2017;6;11;1263;909;6;0;903;71.97%;171;;46;;151;;43;;102;;355;;23;;;;;;;;;;;;8;;;;;;4;0.44%
Parlament;2017;6;12;919;733;8;3;722;79.76%;171;;57;;148;;28;;69;;217;;25;;;;;;;;;;;;4;;;;;;3;0.41%
Parlament;2017;6;13;682;529;6;1;522;77.57%;133;;17;;73;;24;;57;;193;;11;;;;;;;;;;;;11;;;;;;3;0.57%
Parlament;2017;6;14;706;489;3;5;481;69.26%;101;;38;;55;;36;;51;;163;;24;;;;;;;;;;;;9;;;;;;4;0.82%
Parlament;2017;6;16;1131;823;5;3;815;72.77%;111;;104;;118;;37;;84;;319;;29;;;;;;;;;;;;10;;;;;;3;0.36%
Parlament;2017;6;18;878;646;0;2;644;73.58%;117;;42;;77;;35;;69;;290;;11;;;;;;;;;;;;1;;;;;;2;0.31%
Parlament;2017;6;20;1141;796;9;7;780;69.76%;163;;55;;85;;28;;75;;336;;23;;;;;;;;;;;;12;;;;;;3;0.38%
Parlament;2017;6;23;979;799;3;3;793;81.61%;150;;46;;100;;39;;73;;343;;24;;;;;;;;;;;;16;;;;;;2;0.25%
Parlament;2017;6;24;1819;1497;14;1;1482;82.30%;221;;92;;187;;43;;162;;712;;33;;;;;;;;;;;;21;;;;;;11;0.73%
Parlament;2017;6;25;1393;1104;6;1;1097;79.25%;219;;66;;173;;59;;144;;395;;23;;;;;;;;;;;;16;;;;;;2;0.18%
Parlament;2017;6;26;1188;971;10;5;956;81.73%;165;;59;;121;;37;;115;;404;;32;;;;;;;;;;;;20;;;;;;3;0.31%
Parlament;2017;6;27;963;742;5;1;736;77.05%;182;;28;;68;;28;;74;;331;;12;;;;;;;;;;;;12;;;;;;1;0.13%
Parlament;2017;6;28;1210;1006;5;4;997;83.14%;205;;49;;142;;36;;113;;419;;23;;;;;;;;;;;;9;;;;;;1;0.10%
Parlament;2017;6;29;783;665;2;0;663;84.93%;106;;25;;82;;25;;75;;314;;16;;;;;;;;;;;;17;;;;;;3;0.45%
Parlament;2017;6;30;526;449;0;1;448;85.36%;68;;31;;86;;15;;51;;175;;9;;;;;;;;;;;;11;;;;;;2;0.45%
Parlament;2017;6;31;727;540;3;3;534;74.28%;105;;33;;78;;17;;55;;211;;24;;;;;;;;;;;;9;;;;;;2;0.37%
Parlament;2017;6;32;580;483;1;0;482;83.28%;69;;37;;70;;11;;46;;227;;10;;;;;;;;;;;;8;;;;;;4;0.83%
Parlament;2017;6;33;1007;881;5;4;872;87.49%;135;;74;;206;;15;;99;;309;;17;;;;;;;;;;;;10;;;;;;7;0.79%
Parlament;2021;1;1;1089;761;12;12;737;69.88%;65;;350;;126;;27;;25;;19;;68;;30;;;;;;;;;;;;;;;;27;3.55%
Parlament;2021;1;2;1109;743;5;11;727;67.00%;66;;255;;172;;34;;31;;17;;78;;23;;;;;;;;;;;;;;;;51;6.86%
Parlament;2021;1;4;1546;1061;4;8;1049;68.63%;131;;360;;232;;28;;69;;33;;95;;42;;;;;;;;;;;;;;;;59;5.56%
Parlament;2021;1;5;1025;722;8;4;710;70.44%;93;;217;;168;;32;;46;;21;;62;;26;;;;;;;;;;;;;;;;45;6.23%
Parlament;2021;1;6;1217;848;12;4;832;69.68%;83;;272;;203;;33;;32;;33;;64;;41;;;;;;;;;;;;;;;;71;8.37%
Parlament;2021;1;7;1422;943;8;11;924;66.32%;124;;323;;182;;43;;30;;23;;73;;63;;;;;;;;;;;;;;;;63;6.68%
Parlament;2021;1;8;1966;1324;18;5;1301;67.34%;148;;461;;303;;45;;64;;48;;97;;56;;;;;;;;;;;;;;;;79;5.97%
Parlament;2021;1;9;1044;701;10;5;686;67.15%;67;;215;;152;;32;;32;;26;;66;;44;;;;;;;;;;;;;;;;52;7.42%
Parlament;2021;1;10;986;629;5;6;618;63.79%;104;;167;;171;;10;;33;;9;;72;;29;;;;;;;;;;;;;;;;23;3.66%
Parlament;2021;1;11;929;496;3;5;488;53.39%;133;;64;;111;;19;;42;;31;;35;;33;;;;;;;;;;;;;;;;20;4.03%
Parlament;2021;1;12;1106;600;4;9;587;54.25%;144;;110;;139;;12;;59;;30;;37;;36;;;;;;;;;;;;;;;;20;3.33%
Parlament;2021;1;13;653;314;6;3;305;48.09%;118;;12;;61;;16;;22;;15;;9;;44;;;;;;;;;;;;;;;;8;2.55%
Parlament;2021;1;14;1580;787;10;8;769;49.81%;245;;111;;133;;37;;64;;43;;32;;85;;;;;;;;;;;;;;;;19;2.41%
Parlament;2021;1;15;934;520;10;5;505;55.67%;153;;93;;112;;10;;41;;29;;24;;27;;;;;;;;;;;;;;;;16;3.08%
Parlament;2021;1;16;1817;1054;10;14;1030;58.01%;217;;282;;262;;26;;44;;34;;67;;50;;;;;;;;;;;;;;;;48;4.55%
Parlament;2021;1;17;1694;1106;12;14;1080;65.29%;159;;362;;253;;30;;66;;26;;85;;37;;;;;;;;;;;;;;;;62;5.61%
Parlament;2021;1;18;461;346;3;1;342;75.05%;37;;108;;75;;12;;26;;15;;39;;12;;;;;;;;;;;;;;;;18;5.20%
Parlament;2021;1;19;1144;617;7;8;602;53.93%;148;;83;;149;;27;;46;;32;;43;;51;;;;;;;;;;;;;;;;23;3.73%
Parlament;2021;1;20;1065;709;10;9;690;66.57%;132;;185;;162;;21;;44;;37;;51;;35;;;;;;;;;;;;;;;;23;3.24%
Parlament;2021;1;21;1088;591;5;9;577;54.32%;128;;106;;139;;21;;46;;28;;39;;38;;;;;;;;;;;;;;;;32;5.41%
Parlament;2021;1;22;1418;912;11;9;892;64.32%;150;;242;;214;;33;;46;;43;;59;;61;;;;;;;;;;;;;;;;44;4.82%
Parlament;2021;1;23;980;687;7;6;674;70.10%;147;;152;;148;;24;;50;;25;;38;;53;;;;;;;;;;;;;;;;37;5.39%
Parlament;2021;1;24;650;459;5;5;449;70.62%;38;;196;;104;;12;;23;;10;;27;;12;;;;;;;;;;;;;;;;27;5.88%
Parlament;2021;2;1;1043;444;1;3;440;42.57%;171;;30;;70;;21;;31;;33;;10;;63;;;;;;;;;;;;;;;;11;2.48%
Parlament;2021;2;2;439;148;1;4;143;33.71%;58;;16;;22;;5;;5;;15;;4;;17;;;;;;;;;;;;;;;;1;0.68%
Parlament;2021;2;3;796;244;2;7;235;30.65%;116;;12;;24;;13;;14;;16;;8;;30;;;;;;;;;;;;;;;;2;0.82%
Parlament;2021;2;4;670;254;3;3;248;37.91%;114;;9;;33;;18;;22;;15;;2;;30;;;;;;;;;;;;;;;;5;1.97%
Parlament;2021;2;5;827;332;2;3;327;40.15%;140;;10;;57;;12;;28;;31;;10;;36;;;;;;;;;;;;;;;;3;0.90%
Parlament;2021;2;6;724;313;3;4;306;43.23%;109;;30;;33;;12;;26;;17;;14;;52;;;;;;;;;;;;;;;;13;4.15%
Parlament;2021;2;8;757;291;5;3;283;38.44%;102;;15;;47;;3;;26;;23;;9;;51;;;;;;;;;;;;;;;;7;2.41%
Parlament;2021;2;9;1105;439;3;3;433;39.73%;154;;30;;74;;26;;45;;32;;15;;43;;;;;;;;;;;;;;;;14;3.19%
Parlament;2021;2;11;850;342;1;7;334;40.24%;120;;16;;50;;17;;21;;35;;15;;50;;;;;;;;;;;;;;;;10;2.92%
Parlament;2021;2;12;667;189;0;5;184;28.34%;71;;7;;27;;9;;15;;22;;6;;20;;;;;;;;;;;;;;;;7;3.70%
Parlament;2021;2;14;1465;626;3;9;614;42.73%;207;;40;;100;;16;;62;;72;;18;;91;;;;;;;;;;;;;;;;8;1.28%
Parlament;2021;2;15;578;128;0;1;127;22.15%;44;;3;;13;;3;;11;;18;;0;;29;;;;;;;;;;;;;;;;6;4.69%
Parlament;2021;2;16;1573;717;3;8;706;45.58%;221;;56;;148;;16;;55;;47;;33;;110;;;;;;;;;;;;;;;;20;2.79%
Parlament;2021;2;17;1442;498;3;10;485;34.54%;172;;27;;86;;14;;35;;40;;25;;74;;;;;;;;;;;;;;;;12;2.41%
Parlament;2021;3;1;1304;657;7;10;640;50.38%;148;;113;;168;;18;;43;;45;;38;;47;;;;;;;;;;;;;;;;20;3.04%
Parlament;2021;3;2;1116;567;3;14;550;50.81%;138;;89;;128;;14;;44;;27;;41;;46;;;;;;;;;;;;;;;;23;4.06%
Parlament;2021;3;3;1185;540;2;7;531;45.57%;184;;66;;95;;14;;40;;41;;19;;61;;;;;;;;;;;;;;;;11;2.04%
Parlament;2021;3;4;950;379;5;4;370;39.89%;117;;33;;65;;22;;43;;25;;14;;38;;;;;;;;;;;;;;;;13;3.43%
Parlament;2021;3;5;1747;945;7;8;930;54.09%;203;;204;;232;;19;;70;;56;;68;;39;;;;;;;;;;;;;;;;39;4.13%
Parlament;2021;3;6;1571;867;11;12;844;55.19%;150;;212;;230;;24;;51;;29;;59;;42;;;;;;;;;;;;;;;;47;5.42%
Parlament;2021;3;7;1639;841;7;4;830;51.31%;169;;183;;218;;22;;55;;37;;56;;62;;;;;;;;;;;;;;;;28;3.33%
Parlament;2021;3;8;1539;660;9;8;643;42.88%;249;;25;;90;;32;;66;;44;;18;;98;;;;;;;;;;;;;;;;21;3.18%
Parlament;2021;3;14;1122;419;4;9;406;37.34%;140;;43;;65;;11;;26;;24;;26;;65;;;;;;;;;;;;;;;;6;1.43%
Parlament;2021;3;15;889;469;2;9;458;52.76%;138;;45;;90;;16;;47;;35;;23;;50;;;;;;;;;;;;;;;;14;2.99%
Parlament;2021;3;16;701;306;3;5;298;43.65%;124;;7;;25;;23;;26;;34;;8;;44;;;;;;;;;;;;;;;;7;2.29%
Parlament;2021;3;17;843;332;2;4;326;39.38%;147;;4;;36;;13;;29;;36;;9;;39;;;;;;;;;;;;;;;;13;3.92%
Parlament;2021;3;18;754;392;6;2;384;51.99%;126;;18;;69;;13;;30;;43;;13;;61;;;;;;;;;;;;;;;;11;2.81%
Parlament;2021;3;19;883;347;3;9;335;39.30%;134;;21;;45;;15;;26;;39;;8;;45;;;;;;;;;;;;;;;;2;0.58%
Parlament;2021;3;20;1172;523;4;13;506;44.62%;138;;84;;130;;6;;40;;33;;29;;32;;;;;;;;;;;;;;;;14;2.68%
Parlament;2021;4;1;1066;695;2;4;689;65.20%;76;;236;;137;;40;;35;;22;;51;;37;;;;;;;;;;;;;;;;55;7.91%
Parlament;2021;4;2;1124;701;10;8;683;62.37%;89;;240;;163;;11;;36;;22;;58;;27;;;;;;;;;;;;;;;;37;5.28%
Parlament;2021;4;3;1285;718;5;5;708;55.88%;120;;178;;204;;21;;54;;22;;57;;40;;;;;;;;;;;;;;;;12;1.67%
Parlament;2021;4;4;1156;605;7;5;593;52.34%;125;;114;;153;;14;;39;;49;;36;;35;;;;;;;;;;;;;;;;28;4.63%
Parlament;2021;4;5;1237;585;8;23;554;47.29%;122;;104;;154;;17;;38;;32;;25;;38;;;;;;;;;;;;;;;;24;4.10%
Parlament;2021;4;6;1455;691;6;4;681;47.49%;185;;88;;162;;18;;47;;49;;37;;82;;;;;;;;;;;;;;;;13;1.88%
Parlament;2021;4;7;1849;767;11;10;746;41.48%;207;;77;;163;;20;;72;;51;;25;;113;;;;;;;;;;;;;;;;18;2.35%
Parlament;2021;4;8;968;390;5;7;378;40.29%;103;;46;;89;;16;;45;;20;;22;;33;;;;;;;;;;;;;;;;4;1.03%
Parlament;2021;4;9;750;294;5;4;285;39.20%;97;;16;;56;;8;;22;;28;;9;;44;;;;;;;;;;;;;;;;5;1.70%
Parlament;2021;4;10;708;285;0;1;284;40.25%;118;;15;;31;;8;;15;;24;;12;;50;;;;;;;;;;;;;;;;11;3.86%
Parlament;2021;4;12;1037;579;5;6;568;55.83%;152;;95;;125;;8;;46;;34;;40;;50;;;;;;;;;;;;;;;;18;3.11%
Parlament;2021;4;13;1209;680;4;5;671;56.24%;113;;163;;186;;17;;55;;23;;45;;32;;;;;;;;;;;;;;;;37;5.44%
Parlament;2021;4;14;1013;718;6;10;702;70.88%;94;;235;;157;;23;;33;;19;;63;;30;;;;;;;;;;;;;;;;48;6.69%
Parlament;2021;4;15;847;576;1;3;572;68.00%;63;;210;;131;;27;;18;;24;;52;;17;;;;;;;;;;;;;;;;30;5.21%
Parlament;2021;4;16;985;645;4;3;638;65.48%;88;;209;;133;;24;;34;;13;;64;;27;;;;;;;;;;;;;;;;46;7.13%
Parlament;2021;4;17;1173;789;8;9;772;67.26%;123;;223;;195;;22;;38;;31;;59;;46;;;;;;;;;;;;;;;;35;4.44%
Parlament;2021;4;18;1945;1089;12;10;1067;55.99%;211;;219;;265;;38;;76;;54;;101;;73;;;;;;;;;;;;;;;;30;2.75%
Parlament;2021;4;19;917;435;4;4;427;47.44%;121;;55;;87;;19;;39;;19;;32;;48;;;;;;;;;;;;;;;;7;1.61%
Parlament;2021;4;20;538;212;2;3;207;39.41%;97;;7;;33;;10;;13;;16;;3;;22;;;;;;;;;;;;;;;;6;2.83%
Parlament;2021;4;21;803;350;3;0;347;43.59%;151;;16;;58;;12;;31;;26;;11;;33;;;;;;;;;;;;;;;;9;2.57%
Parlament;2021;4;22;1714;821;7;18;796;47.90%;239;;58;;155;;26;;88;;73;;28;;106;;;;;;;;;;;;;;;;23;2.80%
Parlament;2021;4;23;1696;899;15;23;861;53.01%;279;;55;;181;;25;;83;;82;;28;;106;;;;;;;;;;;;;;;;22;2.45%
Parlament;2021;4;24;1667;822;22;7;793;49.31%;248;;63;;133;;27;;85;;69;;31;;120;;;;;;;;;;;;;;;;17;2.07%
Parlament;2021;4;25;870;424;5;9;410;48.74%;114;;64;;77;;13;;40;;29;;23;;36;;;;;;;;;;;;;;;;14;3.30%
Parlament;2021;4;26;1090;679;5;9;665;62.29%;106;;224;;164;;16;;33;;24;;45;;21;;;;;;;;;;;;;;;;32;4.71%
Parlament;2021;5;1;1533;854;9;10;835;55.71%;201;;123;;185;;48;;65;;59;;35;;94;;;;;;;;;;;;;;;;25;2.93%
Parlament;2021;5;2;1120;506;7;5;494;45.18%;168;;37;;84;;19;;42;;39;;20;;74;;;;;;;;;;;;;;;;11;2.17%
Parlament;2021;5;3;1478;778;5;11;762;52.64%;162;;151;;214;;22;;47;;45;;50;;42;;;;;;;;;;;;;;;;29;3.73%
Parlament;2021;5;4;1205;700;6;9;685;58.09%;159;;149;;172;;29;;43;;31;;44;;29;;;;;;;;;;;;;;;;29;4.14%
Parlament;2021;5;5;743;399;2;4;393;53.70%;84;;83;;121;;4;;29;;14;;25;;17;;;;;;;;;;;;;;;;16;4.01%
Parlament;2021;5;6;1570;908;8;11;889;57.83%;153;;192;;249;;34;;58;;47;;61;;59;;;;;;;;;;;;;;;;36;3.96%
Parlament;2021;5;7;861;579;3;4;572;67.25%;112;;138;;134;;8;;36;;34;;58;;29;;;;;;;;;;;;;;;;23;3.97%
Parlament;2021;5;8;1400;849;13;12;824;60.64%;172;;220;;209;;15;;53;;46;;53;;35;;;;;;;;;;;;;;;;21;2.47%
Parlament;2021;5;9;1349;829;4;8;817;61.45%;242;;134;;192;;28;;65;;41;;37;;49;;;;;;;;;;;;;;;;29;3.50%
Parlament;2021;5;10;1411;540;11;5;524;38.27%;203;;38;;82;;25;;51;;44;;15;;51;;;;;;;;;;;;;;;;15;2.78%
Parlament;2021;5;11;1430;784;6;14;764;54.83%;204;;133;;175;;25;;66;;58;;27;;54;;;;;;;;;;;;;;;;22;2.81%
Parlament;2021;5;12;587;293;2;11;280;49.91%;78;;39;;76;;6;;18;;16;;11;;29;;;;;;;;;;;;;;;;7;2.39%
Parlament;2021;5;13;1196;493;10;4;479;41.22%;158;;34;;100;;19;;38;;33;;16;;74;;;;;;;;;;;;;;;;7;1.42%
Parlament;2021;5;14;1595;801;4;10;787;50.22%;274;;58;;152;;37;;72;;63;;25;;90;;;;;;;;;;;;;;;;16;2.00%
Parlament;2021;5;15;1500;625;5;11;609;41.67%;200;;46;;127;;18;;44;;43;;26;;84;;;;;;;;;;;;;;;;21;3.36%
Parlament;2021;5;16;1929;826;9;10;807;42.82%;248;;73;;173;;32;;69;;66;;34;;81;;;;;;;;;;;;;;;;31;3.75%
Parlament;2021;5;17;1357;724;7;4;713;53.35%;245;;90;;144;;13;;64;;44;;27;;61;;;;;;;;;;;;;;;;25;3.45%
Parlament;2021;5;18;1006;526;3;6;517;52.29%;157;;34;;88;;21;;58;;40;;20;;77;;;;;;;;;;;;;;;;22;4.18%
Parlament;2021;5;19;984;501;7;10;484;50.91%;116;;75;;112;;10;;39;;33;;38;;45;;;;;;;;;;;;;;;;16;3.19%
Parlament;2021;5;20;1155;652;5;14;633;56.45%;121;;129;;169;;17;;70;;33;;42;;41;;;;;;;;;;;;;;;;11;1.69%
Parlament;2021;5;21;1361;741;5;14;722;54.45%;203;;89;;159;;31;;64;;51;;37;;65;;;;;;;;;;;;;;;;23;3.10%
Parlament;2021;5;22;582;270;0;1;269;46.39%;78;;31;;50;;11;;38;;19;;8;;20;;;;;;;;;;;;;;;;14;5.19%
Parlament;2021;5;23;1330;837;8;9;820;62.93%;146;;178;;237;;16;;57;;45;;66;;49;;;;;;;;;;;;;;;;26;3.11%
Parlament;2021;5;24;1163;655;9;14;632;56.32%;200;;89;;159;;16;;51;;36;;19;;55;;;;;;;;;;;;;;;;7;1.07%
Parlament;2021;5;25;925;472;3;8;461;51.03%;151;;58;;102;;11;;33;;43;;16;;36;;;;;;;;;;;;;;;;11;2.33%
Parlament;2021;5;26;1007;608;11;4;593;60.38%;113;;133;;153;;18;;40;;27;;36;;42;;;;;;;;;;;;;;;;31;5.10%
Parlament;2021;5;27;944;565;6;9;550;59.85%;108;;123;;138;;12;;36;;44;;43;;28;;;;;;;;;;;;;;;;18;3.19%
Parlament;2021;5;28;904;531;1;7;523;58.74%;190;;54;;90;;15;;38;;44;;15;;63;;;;;;;;;;;;;;;;14;2.64%
Parlament;2021;5;29;967;543;6;5;532;56.15%;134;;60;;134;;18;;48;;42;;28;;48;;;;;;;;;;;;;;;;20;3.68%
Parlament;2021;6;1;896;394;6;1;387;43.97%;152;;33;;60;;11;;36;;32;;10;;48;;;;;;;;;;;;;;;;5;1.27%
Parlament;2021;6;2;1204;511;2;7;502;42.44%;150;;50;;109;;5;;50;;48;;19;;58;;;;;;;;;;;;;;;;13;2.54%
Parlament;2021;6;3;1491;621;8;7;606;41.65%;212;;42;;106;;23;;60;;44;;27;;83;;;;;;;;;;;;;;;;9;1.45%
Parlament;2021;6;4;864;346;4;5;337;40.05%;94;;33;;59;;14;;24;;30;;27;;47;;;;;;;;;;;;;;;;9;2.60%
Parlament;2021;6;5;1115;477;5;7;465;42.78%;132;;43;;106;;10;;45;;40;;23;;56;;;;;;;;;;;;;;;;10;2.10%
Parlament;2021;6;6;1173;533;14;5;514;45.44%;168;;26;;73;;26;;42;;54;;12;;100;;;;;;;;;;;;;;;;13;2.44%
Parlament;2021;6;8;1654;845;7;16;822;51.09%;188;;135;;191;;22;;67;;59;;76;;60;;;;;;;;;;;;;;;;24;2.84%
Parlament;2021;6;9;919;387;0;8;379;42.11%;120;;28;;72;;14;;44;;27;;13;;50;;;;;;;;;;;;;;;;11;2.84%
Parlament;2021;6;10;1620;712;8;10;694;43.95%;221;;45;;127;;30;;65;;87;;38;;71;;;;;;;;;;;;;;;;10;1.40%
Parlament;2021;6;11;1249;522;6;10;506;41.79%;169;;31;;97;;15;;49;;48;;20;;72;;;;;;;;;;;;;;;;5;0.96%
Parlament;2021;6;12;927;417;1;1;415;44.98%;149;;35;;87;;15;;38;;20;;13;;47;;;;;;;;;;;;;;;;11;2.64%
Parlament;2021;6;13;694;306;1;2;303;44.09%;131;;7;;39;;15;;29;;30;;9;;38;;;;;;;;;;;;;;;;5;1.63%
Parlament;2021;6;14;702;225;1;1;223;32.05%;85;;19;;32;;9;;20;;15;;10;;27;;;;;;;;;;;;;;;;6;2.67%
Parlament;2021;6;16;1121;470;4;6;460;41.93%;140;;58;;79;;16;;47;;39;;27;;44;;;;;;;;;;;;;;;;10;2.13%
Parlament;2021;6;18;891;336;1;2;333;37.71%;131;;17;;47;;12;;28;;26;;0;;65;;;;;;;;;;;;;;;;7;2.08%
Parlament;2021;6;20;1111;382;2;5;375;34.38%;141;;18;;40;;16;;30;;38;;11;;71;;;;;;;;;;;;;;;;10;2.62%
Parlament;2021;6;23;998;427;9;10;408;42.79%;154;;28;;53;;25;;26;;44;;7;;63;;;;;;;;;;;;;;;;8;1.87%
Parlament;2021;6;24;1780;775;9;8;758;43.54%;281;;37;;124;;32;;64;;76;;21;;112;;;;;;;;;;;;;;;;11;1.42%
Parlament;2021;6;25;1448;567;8;7;552;39.16%;198;;29;;95;;23;;53;;37;;24;;78;;;;;;;;;;;;;;;;15;2.65%
Parlament;2021;6;26;1185;490;4;5;481;41.35%;163;;18;;84;;20;;47;;51;;14;;75;;;;;;;;;;;;;;;;9;1.84%
Parlament;2021;6;27;969;331;2;4;325;34.16%;149;;15;;37;;13;;20;;32;;7;;46;;;;;;;;;;;;;;;;6;1.81%
Parlament;2021;6;28;1207;570;6;4;560;47.22%;218;;22;;86;;19;;55;;52;;26;;68;;;;;;;;;;;;;;;;14;2.46%
Parlament;2021;6;29;809;324;9;12;303;40.05%;103;;13;;42;;8;;31;;32;;3;;60;;;;;;;;;;;;;;;;11;3.40%
Parlament;2021;6;30;556;235;3;0;232;42.27%;81;;17;;38;;7;;26;;18;;11;;33;;;;;;;;;;;;;;;;1;0.43%
Parlament;2021;6;31;746;291;3;4;284;39.01%;96;;12;;47;;4;;35;;38;;15;;34;;;;;;;;;;;;;;;;3;1.03%
Parlament;2021;6;32;603;217;2;3;212;35.99%;76;;13;;27;;6;;20;;20;;2;;45;;;;;;;;;;;;;;;;3;1.38%
Parlament;2021;6;33;1037;523;3;8;512;50.43%;151;;41;;114;;19;;46;;52;;7;;63;;;;;;;;;;;;;;;;19;3.63%
Parlament;2021;7;1;2050;1136;12;15;1109;55.41%;269;;158;;254;;28;;103;;93;;63;;103;;;;;;;;;;;;;;;;38;3.35%
Parlament;2021;7;2;1509;591;3;8;580;39.17%;273;;13;;58;;20;;65;;49;;10;;86;;;;;;;;;;;;;;;;6;1.02%
Parlament;2021;7;3;1130;340;11;2;327;30.09%;128;;14;;41;;7;;16;;40;;4;;74;;;;;;;;;;;;;;;;3;0.88%
Parlament;2021;7;4;1850;863;3;3;857;46.65%;294;;47;;127;;55;;52;;98;;33;;138;;;;;;;;;;;;;;;;13;1.51%
Parlament;2024;1;1;1079;756;6;6;744;70.06%;85;;379;;87;;44;;33;;1;;38;;25;;;;;;;;29;;4;;;;;;19;2.51%
Parlament;2024;1;2;1159;785;10;2;773;67.73%;99;;320;;98;;75;;46;;3;;48;;24;;;;;;;;38;;5;;;;;;17;2.17%
Parlament;2024;1;4;1597;1098;20;5;1073;68.75%;179;;386;;178;;64;;65;;5;;85;;42;;;;;;;;42;;10;;;;;;17;1.55%
Parlament;2024;1;5;1056;764;7;5;752;72.35%;133;;258;;121;;57;;42;;5;;50;;26;;;;;;;;47;;7;;;;;;6;0.79%
Parlament;2024;1;6;1229;877;10;8;859;71.36%;117;;339;;120;;78;;38;;8;;55;;40;;;;;;;;35;;9;;;;;;20;2.28%
Parlament;2024;1;7;1421;942;13;4;925;66.29%;159;;345;;131;;76;;34;;4;;52;;48;;;;;;;;61;;3;;;;;;12;1.27%
Parlament;2024;1;8;995;663;8;6;649;66.63%;96;;299;;97;;52;;20;;4;;22;;21;;;;;;;;31;;5;;;;;;2;0.30%
Parlament;2024;1;9;1065;708;16;2;690;66.48%;102;;248;;125;;53;;35;;6;;34;;38;;;;;;;;37;;6;;;;;;6;0.85%
Parlament;2024;1;10;1028;706;7;7;692;68.68%;141;;228;;118;;42;;28;;3;;52;;39;;;;;;;;27;;5;;;;;;9;1.27%
Parlament;2024;1;11;961;569;10;10;549;59.21%;165;;81;;98;;57;;50;;2;;17;;50;;;;;;;;14;;8;;;;;;7;1.23%
Parlament;2024;1;12;1165;740;3;4;733;63.52%;217;;128;;120;;59;;58;;6;;31;;67;;;;;;;;24;;11;;;;;;12;1.62%
Parlament;2024;1;13;635;342;4;1;337;53.86%;143;;19;;39;;30;;31;;2;;9;;52;;;;;;;;8;;2;;;;;;2;0.58%
Parlament;2024;1;14;1558;943;11;9;923;60.53%;330;;122;;102;;126;;50;;10;;28;;105;;;;;;;;20;;14;;;;;;16;1.70%
Parlament;2024;1;15;944;571;7;8;556;60.49%;162;;123;;81;;45;;40;;3;;23;;46;;;;;;;;20;;3;;;;;;10;1.75%
Parlament;2024;1;16;1759;1191;29;8;1154;67.71%;291;;319;;175;;94;;44;;4;;48;;88;;;;;;;;50;;17;;;;;;24;2.02%
Parlament;2024;1;17;1662;1129;14;5;1110;67.93%;217;;394;;173;;68;;74;;4;;70;;45;;;;;;;;45;;13;;;;;;7;0.62%
Parlament;2024;1;18;483;369;5;0;364;76.40%;42;;124;;53;;34;;26;;1;;35;;24;;;;;;;;21;;1;;;;;;3;0.81%
Parlament;2024;1;19;1151;675;7;6;662;58.64%;203;;98;;90;;84;;46;;4;;36;;65;;;;;;;;17;;8;;;;;;11;1.63%
Parlament;2024;1;20;1193;782;12;9;761;65.55%;177;;200;;126;;74;;54;;10;;41;;35;;;;;;;;26;;6;;;;;;12;1.53%
Parlament;2024;1;21;1117;682;15;1;666;61.06%;176;;130;;92;;80;;47;;5;;38;;56;;;;;;;;21;;8;;;;;;13;1.91%
Parlament;2024;1;22;1423;946;16;4;926;66.48%;211;;263;;155;;76;;42;;3;;43;;81;;;;;;;;35;;11;;;;;;6;0.63%
Parlament;2024;1;23;1005;727;9;6;712;72.34%;168;;198;;95;;68;;38;;7;;28;;56;;;;;;;;39;;8;;;;;;7;0.96%
Parlament;2024;1;24;672;488;6;10;472;72.62%;63;;214;;62;;40;;25;;2;;25;;12;;;;;;;;21;;3;;;;;;5;1.02%
Parlament;2024;1;25;1073;721;11;6;704;67.19%;108;;281;;99;;62;;36;;5;;30;;35;;;;;;;;28;;10;;;;;;10;1.39%
Parlament;2024;2;1;1090;535;5;1;529;49.08%;217;;41;;45;;74;;25;;4;;11;;79;;;;;;;;6;;11;;;;;;16;2.99%
Parlament;2024;2;3;974;362;8;5;349;37.17%;166;;17;;25;;43;;16;;5;;2;;71;;;;;;;;1;;3;;;;;;0;0.00%
Parlament;2024;2;4;864;333;2;4;327;38.54%;153;;18;;26;;44;;19;;1;;6;;54;;;;;;;;1;;2;;;;;;3;0.90%
Parlament;2024;2;5;844;417;4;4;409;49.41%;177;;16;;42;;57;;19;;6;;7;;69;;;;;;;;6;;4;;;;;;6;1.44%
Parlament;2024;2;6;732;364;3;4;357;49.73%;132;;30;;25;;51;;21;;4;;9;;72;;;;;;;;7;;2;;;;;;4;1.10%
Parlament;2024;2;8;782;369;9;2;358;47.19%;136;;2;;44;;45;;22;;0;;23;;72;;;;;;;;1;;4;;;;;;9;2.44%
Parlament;2024;2;9;1147;546;2;4;540;47.60%;222;;28;;76;;52;;33;;3;;9;;91;;;;;;;;11;;9;;;;;;6;1.10%
Parlament;2024;2;11;851;410;6;5;399;48.18%;170;;20;;39;;44;;17;;12;;9;;69;;;;;;;;9;;6;;;;;;4;0.98%
Parlament;2024;2;12;687;262;3;2;257;38.14%;127;;10;;21;;18;;11;;2;;3;;59;;;;;;;;2;;3;;;;;;1;0.38%
Parlament;2024;2;14;1496;742;9;5;728;49.60%;245;;46;;73;;85;;42;;12;;8;;166;;;;;;;;19;;18;;;;;;14;1.89%
Parlament;2024;2;15;558;175;0;1;174;31.36%;73;;4;;16;;14;;8;;6;;0;;50;;;;;;;;0;;1;;;;;;2;1.14%
Parlament;2024;2;16;1576;845;9;7;829;53.62%;268;;66;;107;;70;;60;;10;;9;;155;;;;;;;;42;;27;;;;;;15;1.78%
Parlament;2024;2;17;1541;634;6;8;620;41.14%;228;;34;;60;;62;;25;;11;;13;;135;;;;;;;;22;;16;;;;;;14;2.21%
Parlament;2024;3;1;1288;718;5;1;712;55.75%;190;;125;;123;;72;;53;;5;;22;;83;;;;;;;;10;;15;;;;;;14;1.95%
Parlament;2024;3;2;1094;664;7;2;655;60.69%;210;;100;;89;;68;;36;;2;;29;;77;;;;;;;;27;;12;;;;;;5;0.75%
Parlament;2024;3;3;1178;621;8;4;609;52.72%;223;;75;;74;;67;;28;;13;;17;;72;;;;;;;;15;;14;;;;;;11;1.77%
Parlament;2024;3;4;954;422;4;4;414;44.23%;152;;32;;48;;46;;29;;3;;12;;73;;;;;;;;4;;8;;;;;;7;1.66%
Parlament;2024;3;5;1783;1060;11;10;1039;59.45%;283;;220;;177;;86;;76;;8;;45;;80;;;;;;;;38;;16;;;;;;10;0.94%
Parlament;2024;3;6;1626;1003;9;7;987;61.69%;204;;272;;189;;82;;64;;3;;41;;69;;;;;;;;31;;17;;;;;;15;1.50%
Parlament;2024;3;7;1677;985;15;9;961;58.74%;243;;180;;181;;81;;54;;7;;33;;104;;;;;;;;48;;20;;;;;;10;1.02%
Parlament;2024;3;8;1528;780;8;11;761;51.05%;335;;29;;92;;66;;41;;3;;16;;132;;;;;;;;10;;17;;;;;;20;2.56%
Parlament;2024;3;14;1128;482;3;2;477;42.73%;186;;52;;59;;40;;23;;4;;11;;78;;;;;;;;12;;7;;;;;;5;1.04%
Parlament;2024;3;15;916;525;6;4;515;57.31%;174;;65;;71;;66;;34;;4;;19;;60;;;;;;;;6;;10;;;;;;6;1.14%
Parlament;2024;3;16;784;309;1;1;307;39.41%;152;;16;;17;;39;;12;;5;;7;;55;;;;;;;;3;;0;;;;;;1;0.32%
Parlament;2024;3;17;835;419;2;2;415;50.18%;195;;14;;27;;55;;23;;8;;8;;68;;;;;;;;4;;6;;;;;;7;1.67%
Parlament;2024;3;18;799;436;8;4;424;54.57%;157;;27;;32;;56;;33;;3;;7;;79;;;;;;;;6;;18;;;;;;6;1.38%
Parlament;2024;3;19;878;403;6;3;394;45.90%;174;;33;;28;;57;;19;;7;;9;;53;;;;;;;;5;;4;;;;;;5;1.24%
Parlament;2024;3;20;1201;660;11;4;645;54.95%;222;;81;;103;;56;;30;;8;;25;;86;;;;;;;;16;;7;;;;;;11;1.67%
Parlament;2024;4;1;1129;731;7;4;720;64.75%;136;;260;;88;;76;;39;;3;;38;;28;;;;;;;;20;;3;;;;;;29;3.97%
Parlament;2024;4;2;1156;690;10;4;676;59.69%;125;;265;;114;;39;;33;;1;;26;;31;;;;;;;;28;;10;;;;;;4;0.58%
Parlament;2024;4;3;1349;815;9;6;800;60.42%;189;;207;;142;;82;;34;;4;;35;;54;;;;;;;;33;;10;;;;;;10;1.23%
Parlament;2024;4;4;1134;667;8;6;653;58.82%;168;;127;;131;;42;;32;;6;;31;;74;;;;;;;;19;;14;;;;;;9;1.35%
Parlament;2024;4;5;1326;758;11;10;737;57.16%;225;;132;;118;;53;;51;;8;;22;;77;;;;;;;;28;;17;;;;;;6;0.79%
Parlament;2024;4;6;1496;795;9;6;780;53.14%;260;;84;;98;;90;;51;;5;;28;;95;;;;;;;;30;;20;;;;;;19;2.39%
Parlament;2024;4;7;1865;937;12;8;917;50.24%;324;;82;;126;;86;;51;;9;;15;;171;;;;;;;;22;;21;;;;;;10;1.07%
Parlament;2024;4;8;998;485;2;8;475;48.60%;154;;76;;66;;42;;35;;7;;10;;55;;;;;;;;16;;7;;;;;;7;1.44%
Parlament;2024;4;9;756;334;10;0;324;44.18%;122;;11;;42;;43;;20;;7;;4;;62;;;;;;;;6;;1;;;;;;6;1.80%
Parlament;2024;4;10;710;336;4;1;331;47.32%;151;;16;;27;;25;;24;;6;;7;;60;;;;;;;;8;;4;;;;;;3;0.89%
Parlament;2024;4;12;1020;598;11;7;580;58.63%;170;;109;;86;;42;;42;;1;;29;;71;;;;;;;;13;;10;;;;;;7;1.17%
Parlament;2024;4;13;1243;765;8;4;753;61.54%;197;;183;;135;;45;;59;;2;;33;;52;;;;;;;;26;;13;;;;;;8;1.05%
Parlament;2024;4;14;1044;733;4;5;724;70.21%;115;;282;;110;;55;;36;;3;;39;;28;;;;;;;;40;;9;;;;;;7;0.95%
Parlament;2024;4;15;908;613;6;2;605;67.51%;84;;247;;85;;62;;28;;0;;29;;32;;;;;;;;26;;5;;;;;;7;1.14%
Parlament;2024;4;16;966;634;5;4;625;65.63%;101;;245;;68;;55;;32;;2;;42;;28;;;;;;;;35;;4;;;;;;13;2.05%
Parlament;2024;4;17;1258;884;12;9;863;70.27%;181;;254;;167;;74;;51;;6;;33;;53;;;;;;;;23;;9;;;;;;12;1.36%
Parlament;2024;4;18;1938;1202;21;6;1175;62.02%;305;;311;;168;;99;;60;;8;;58;;97;;;;;;;;37;;18;;;;;;14;1.16%
Parlament;2024;4;19;900;514;3;3;508;57.11%;167;;77;;65;;55;;27;;4;;21;;68;;;;;;;;10;;5;;;;;;9;1.75%
Parlament;2024;4;20;523;239;2;2;235;45.70%;96;;10;;25;;27;;15;;1;;3;;49;;;;;;;;1;;5;;;;;;3;1.26%
Parlament;2024;4;21;781;383;4;2;377;49.04%;172;;20;;48;;33;;25;;2;;11;;55;;;;;;;;2;;3;;;;;;6;1.57%
Parlament;2024;4;22;1729;988;23;15;950;57.14%;342;;75;;129;;105;;61;;19;;15;;145;;;;;;;;26;;15;;;;;;18;1.82%
Parlament;2024;4;23;1730;1026;13;6;1007;59.31%;397;;77;;126;;91;;70;;14;;16;;172;;;;;;;;19;;15;;;;;;10;0.97%
Parlament;2024;4;24;1884;1042;4;15;1023;55.31%;333;;84;;144;;120;;70;;16;;20;;184;;;;;;;;30;;12;;;;;;10;0.96%
Parlament;2024;4;25;873;520;7;5;508;59.56%;183;;70;;68;;55;;40;;8;;12;;45;;;;;;;;17;;4;;;;;;6;1.15%
Parlament;2024;4;26;1175;753;10;6;737;64.09%;151;;248;;115;;64;;45;;2;;43;;34;;;;;;;;26;;4;;;;;;5;0.66%
Parlament;2024;5;1;1566;963;21;12;930;61.49%;300;;158;;138;;116;;45;;5;;21;;108;;;;;;;;19;;14;;;;;;6;0.62%
Parlament;2024;5;2;1086;613;10;4;599;56.45%;243;;39;;65;;72;;36;;4;;13;;97;;;;;;;;8;;9;;;;;;13;2.12%
Parlament;2024;5;3;1535;932;9;3;920;60.72%;217;;226;;156;;82;;63;;5;;42;;63;;;;;;;;45;;10;;;;;;11;1.18%
Parlament;2024;5;4;1275;832;11;16;805;65.25%;247;;190;;115;;51;;48;;4;;38;;65;;;;;;;;29;;7;;;;;;11;1.32%
Parlament;2024;5;5;785;484;8;5;471;61.66%;124;;101;;100;;29;;37;;1;;24;;27;;;;;;;;18;;3;;;;;;7;1.45%
Parlament;2024;5;6;1532;1005;11;10;984;65.60%;227;;236;;179;;105;;62;;5;;41;;67;;;;;;;;43;;8;;;;;;11;1.09%
Parlament;2024;5;7;878;616;9;5;602;70.16%;143;;170;;86;;43;;40;;3;;48;;35;;;;;;;;22;;5;;;;;;7;1.14%
Parlament;2024;5;8;1461;937;11;9;917;64.13%;232;;246;;163;;85;;43;;3;;45;;53;;;;;;;;18;;10;;;;;;19;2.03%
Parlament;2024;5;9;1351;857;11;3;843;63.43%;304;;133;;132;;93;;45;;3;;37;;65;;;;;;;;25;;3;;;;;;3;0.35%
Parlament;2024;5;10;986;530;4;1;525;53.75%;237;;33;;52;;60;;39;;4;;14;;65;;;;;;;;11;;3;;;;;;7;1.32%
Parlament;2024;5;11;1406;862;8;8;846;61.31%;285;;166;;104;;82;;56;;5;;19;;83;;;;;;;;22;;10;;;;;;14;1.62%
Parlament;2024;5;12;589;328;4;2;322;55.69%;99;;45;;57;;26;;30;;2;;10;;37;;;;;;;;10;;4;;;;;;2;0.61%
Parlament;2024;5;13;1346;675;8;9;658;50.15%;231;;66;;77;;65;;34;;6;;8;;129;;;;;;;;21;;13;;;;;;8;1.19%
Parlament;2024;5;14;1430;800;16;6;778;55.94%;332;;59;;87;;84;;62;;6;;18;;104;;;;;;;;12;;6;;;;;;8;1.00%
Parlament;2024;5;15;701;323;3;3;317;46.08%;113;;26;;56;;23;;25;;2;;9;;45;;;;;;;;2;;8;;;;;;8;2.48%
Parlament;2024;5;16;1974;1049;9;13;1027;53.14%;347;;89;;140;;125;;72;;13;;28;;149;;;;;;;;37;;11;;;;;;16;1.53%
Parlament;2024;5;17;1506;902;24;8;870;59.89%;292;;131;;110;;76;;63;;11;;25;;108;;;;;;;;32;;12;;;;;;10;1.11%
Parlament;2024;5;18;966;564;7;7;550;58.39%;233;;36;;62;;83;;37;;5;;14;;59;;;;;;;;8;;8;;;;;;5;0.89%
Parlament;2024;5;19;1016;577;9;2;566;56.79%;165;;84;;88;;48;;34;;10;;27;;66;;;;;;;;21;;11;;;;;;12;2.08%
Parlament;2024;5;20;1007;609;9;6;594;60.48%;158;;117;;104;;46;;53;;5;;22;;52;;;;;;;;27;;6;;;;;;4;0.66%
Parlament;2024;5;21;607;377;0;1;376;62.11%;108;;77;;63;;47;;20;;3;;14;;27;;;;;;;;9;;5;;;;;;3;0.80%
Parlament;2024;5;22;582;327;3;2;322;56.19%;93;;48;;34;;55;;20;;8;;12;;31;;;;;;;;9;;8;;;;;;4;1.22%
Parlament;2024;5;23;1543;1002;10;3;989;64.94%;238;;247;;182;;75;;56;;8;;45;;62;;;;;;;;50;;12;;;;;;14;1.40%
Parlament;2024;5;24;1182;730;9;5;716;61.76%;224;;109;;115;;67;;54;;7;;22;;81;;;;;;;;20;;9;;;;;;8;1.10%
Parlament;2024;5;25;968;574;8;10;556;59.30%;210;;56;;73;;66;;25;;9;;17;;73;;;;;;;;11;;5;;;;;;11;1.92%
Parlament;2024;5;26;952;622;12;3;607;65.34%;146;;158;;103;;57;;34;;3;;20;;51;;;;;;;;15;;11;;;;;;9;1.45%
Parlament;2024;5;27;952;649;6;4;639;68.17%;171;;148;;97;;69;;44;;4;;24;;43;;;;;;;;26;;10;;;;;;3;0.46%
Parlament;2024;5;28;960;624;9;1;614;65.00%;231;;56;;73;;92;;41;;4;;11;;69;;;;;;;;25;;4;;;;;;8;1.28%
Parlament;2024;5;29;983;617;8;4;605;62.77%;213;;75;;81;;65;;33;;2;;18;;77;;;;;;;;22;;8;;;;;;11;1.78%
Parlament;2024;5;30;834;479;5;4;470;57.43%;209;;29;;48;;49;;24;;1;;8;;82;;;;;;;;8;;7;;;;;;5;1.04%
Parlament;2024;5;31;592;341;5;0;336;57.60%;120;;19;;20;;47;;33;;9;;7;;64;;;;;;;;4;;3;;;;;;10;2.93%
Parlament;2024;5;32;946;511;8;4;499;54.02%;168;;75;;59;;67;;43;;5;;9;;50;;;;;;;;5;;8;;;;;;10;1.96%
Parlament;2024;6;1;881;471;5;3;463;53.46%;196;;32;;42;;59;;20;;6;;9;;84;;;;;;;;6;;3;;;;;;6;1.27%
Parlament;2024;6;2;1217;636;7;5;624;52.26%;210;;58;;74;;64;;46;;10;;22;;99;;;;;;;;17;;13;;;;;;11;1.73%
Parlament;2024;6;3;1485;773;8;3;762;52.05%;303;;58;;79;;89;;59;;14;;17;;112;;;;;;;;16;;7;;;;;;8;1.03%
Parlament;2024;6;4;872;385;9;2;374;44.15%;141;;25;;43;;42;;24;;5;;12;;60;;;;;;;;8;;7;;;;;;7;1.82%
Parlament;2024;6;5;1141;593;17;6;570;51.97%;190;;62;;71;;58;;26;;11;;13;;111;;;;;;;;11;;11;;;;;;6;1.01%
Parlament;2024;6;6;1214;603;6;3;594;49.67%;204;;26;;56;;84;;27;;6;;14;;146;;;;;;;;10;;15;;;;;;6;1.00%
Parlament;2024;6;8;1707;977;7;10;960;57.23%;275;;175;;153;;76;;59;;4;;36;;114;;;;;;;;36;;21;;;;;;11;1.13%
Parlament;2024;6;9;895;486;3;2;481;54.30%;167;;46;;71;;50;;36;;3;;10;;77;;;;;;;;8;;6;;;;;;7;1.44%
Parlament;2024;6;10;1617;899;12;5;882;55.60%;357;;54;;97;;100;;54;;10;;22;;136;;;;;;;;26;;8;;;;;;18;2.00%
Parlament;2024;6;11;1185;568;5;1;562;47.93%;219;;29;;66;;74;;27;;9;;11;;99;;;;;;;;7;;11;;;;;;10;1.76%
Parlament;2024;6;12;947;505;7;0;498;53.33%;195;;41;;80;;60;;26;;5;;10;;55;;;;;;;;9;;2;;;;;;15;2.97%
Parlament;2024;6;13;687;387;4;6;377;56.33%;161;;20;;35;;49;;21;;2;;2;;72;;;;;;;;3;;6;;;;;;6;1.55%
Parlament;2024;6;14;729;301;3;2;296;41.29%;126;;32;;18;;37;;19;;1;;6;;42;;;;;;;;6;;3;;;;;;6;1.99%
Parlament;2024;6;16;1159;557;3;6;548;48.06%;176;;69;;64;;69;;35;;10;;18;;80;;;;;;;;13;;2;;;;;;12;2.15%
Parlament;2024;6;18;889;419;2;3;414;47.13%;166;;18;;26;;46;;28;;12;;10;;87;;;;;;;;5;;9;;;;;;7;1.67%
Parlament;2024;6;20;1071;462;3;7;452;43.14%;180;;23;;30;;47;;27;;13;;8;;106;;;;;;;;8;;4;;;;;;6;1.30%
Parlament;2024;6;23;1017;496;4;4;488;48.77%;198;;18;;46;;70;;17;;8;;5;;107;;;;;;;;4;;8;;;;;;7;1.41%
Parlament;2024;6;24;1815;976;12;16;948;53.77%;337;;36;;104;;110;;66;;22;;17;;203;;;;;;;;17;;24;;;;;;12;1.23%
Parlament;2024;6;25;1440;732;16;9;707;50.83%;267;;40;;83;;72;;54;;9;;15;;130;;;;;;;;12;;15;;;;;;10;1.37%
Parlament;2024;6;26;1231;657;9;4;644;53.37%;220;;25;;70;;67;;43;;13;;4;;155;;;;;;;;17;;16;;;;;;14;2.13%
Parlament;2024;6;27;936;419;7;1;411;44.76%;197;;13;;32;;54;;15;;13;;3;;73;;;;;;;;3;;3;;;;;;5;1.19%
Parlament;2024;6;28;1199;694;2;6;686;57.88%;279;;23;;69;;90;;57;;8;;11;;120;;;;;;;;11;;9;;;;;;9;1.30%
Parlament;2024;6;29;833;437;4;5;428;52.46%;145;;16;;31;;54;;27;;5;;5;;113;;;;;;;;11;;15;;;;;;6;1.37%
Parlament;2024;6;30;594;333;6;4;323;56.06%;114;;21;;41;;28;;28;;4;;10;;65;;;;;;;;7;;4;;;;;;1;0.30%
Parlament;2024;6;31;732;327;4;1;322;44.67%;108;;16;;22;;50;;31;;8;;8;;58;;;;;;;;6;;6;;;;;;9;2.75%
Parlament;2024;6;32;852;458;8;4;446;53.76%;132;;25;;41;;68;;31;;5;;8;;102;;;;;;;;15;;10;;;;;;9;1.97%
Parlament;2024;6;33;1079;626;7;8;611;58.02%;210;;48;;81;;71;;33;;17;;17;;92;;;;;;;;17;;14;;;;;;11;1.76%
Parlament;2024;7;1;1052;575;4;5;566;54.66%;143;;97;;85;;68;;43;;7;;16;;78;;;;;;;;15;;9;;;;;;5;0.87%
Parlament;2024;7;2;1513;744;9;4;731;49.17%;351;;12;;47;;64;;55;;11;;13;;151;;;;;;;;10;;9;;;;;;8;1.08%
Parlament;2024;7;3;1110;444;9;0;435;40.00%;172;;9;;22;;56;;17;;6;;4;;119;;;;;;;;6;;19;;;;;;5;1.13%
Parlament;2024;7;4;1870;1030;19;7;1004;55.08%;364;;64;;84;;188;;57;;22;;22;;175;;;;;;;;7;;10;;;;;;11;1.07%
Parlament;2024;7;5;1114;646;5;2;639;57.99%;209;;97;;89;;53;;50;;10;;19;;78;;;;;;;;15;;9;;;;;;10;1.55%
